registration_number,name,company,authorization_date,commercialized,pharmaceutical_dose_form,routes_administration,strength,active_ingredients,excipients,characteristics,atc_codes,images_url
63607,ATRISCAL 300 mg COMPRIMIDOS RECUBIERTOS CON PELICULA,"Laboratorios Gebro Pharma, S.A.",2001-01-22,True,['COMPRIMIDO RECUBIERTO CON PELÍCULA'],['VÍA ORAL'],[300.0],['DEXIBUPROFENO'],[],"['MEDICAMENTO SUJETO A PRESCRIPCIÓN MÉDICA', 'Con receta']","['M01A - PRODUCTOS ANTIINFLAMATORIOS Y ANTIRREUMÁTICOS NO ESTEROIDEOS', 'M01AE - Derivados del ácido propiónico', 'M01AE14 - Dexibuprofeno']","['https://cima.aemps.es/cima/fotos/thumbnails/materialas/63607/63607_materialas.jpg', 'https://cima.aemps.es/cima/fotos/thumbnails/formafarmac/63607/63607_formafarmac.jpg']"
63606,ATRISCAL 400 mg COMPRIMIDOS RECUBIERTOS CON PELICULA,"Laboratorios Gebro Pharma, S.A.",2001-01-22,True,['COMPRIMIDO RECUBIERTO CON PELÍCULA'],['VÍA ORAL'],[400.0],['DEXIBUPROFENO'],[],"['MEDICAMENTO SUJETO A PRESCRIPCIÓN MÉDICA', 'Con receta']","['M01A - PRODUCTOS ANTIINFLAMATORIOS Y ANTIRREUMÁTICOS NO ESTEROIDEOS', 'M01AE - Derivados del ácido propiónico', 'M01AE14 - Dexibuprofeno']","['https://cima.aemps.es/cima/fotos/thumbnails/materialas/63606/63606_materialas.jpg', 'https://cima.aemps.es/cima/fotos/thumbnails/formafarmac/63606/63606_formafarmac.jpg']"
78862,DOLORAC PEDIATRICO 20 MG/ML SUSPENSION ORAL,Laboratorio De Aplicaciones Farmacodinamicas S.A.,2014-06-30,True,['SUSPENSIÓN ORAL'],['VÍA ORAL'],[20.0],['IBUPROFENO LISINA'],"['MALTITOL (E965)', 'SORBITOL', 'BETADEX', 'CELULOSA MICROCRISTALINA-CARMELOSA SODICA', 'ROJO ALLURA AC (E129)', 'SACARINA SODICA', 'SABORIZANTE FRUTAS DEL BOSQUE']","['MEDICAMENTO SUJETO A PRESCRIPCIÓN MÉDICA', 'Con receta']","['M01A - PRODUCTOS ANTIINFLAMATORIOS Y ANTIRREUMÁTICOS NO ESTEROIDEOS', 'M01AE - Derivados del ácido propiónico', 'M01AE01 - Ibuprofeno']","['https://cima.aemps.es/cima/fotos/thumbnails/materialas/78862/78862_materialas.jpg', 'https://cima.aemps.es/cima/fotos/thumbnails/formafarmac/78862/78862_formafarmac.jpg']"
64584,DOLORAC 600 mg POLVO PARA SUSPENSION ORAL,Laboratorio De Aplicaciones Farmacodinamicas S.A.,2002-02-22,True,['POLVO PARA SUSPENSIÓN ORAL'],['VÍA ORAL'],[600.0],['IBUPROFENO LISINA'],"['SACARINA SODICA', 'CITRATO DE SODIO (E-331)', 'CICLAMATO DE SODIO', 'CICLODEXTRINA', 'SACAROSA']","['MEDICAMENTO SUJETO A PRESCRIPCIÓN MÉDICA', 'Con receta']","['M01A - PRODUCTOS ANTIINFLAMATORIOS Y ANTIRREUMÁTICOS NO ESTEROIDEOS', 'M01AE - Derivados del ácido propiónico', 'M01AE01 - Ibuprofeno']","['https://cima.aemps.es/cima/fotos/thumbnails/materialas/64584/64584_materialas.jpg', 'https://cima.aemps.es/cima/fotos/thumbnails/formafarmac/64584/64584_formafarmac.jpg']"
62054,IBUDOL 50 MG/G GEL,"Kern Pharma, S.L.",1998-07-01,True,['GEL'],['USO CUTÁNEO'],[50.0],['IBUPROFENO'],"['CAPRO-CAPRILATO DE GLICEROL Y POLIOXIETI', 'LAURATO DE PROPILENGLICOL', 'ALCOHOL ETILICO (ETANOL)']",['SIN RECETA'],"['M02A - PRODUCTOS TÓPICOS PARA EL DOLOR ARTICULAR Y MUSCULAR', 'M02AA - Preparados con antiinflamatorios no esteroideos para uso tópico', 'M02AA13 - Ibuprofeno']","['https://cima.aemps.es/cima/fotos/thumbnails/materialas/62054/62054_materialas.jpg', 'https://cima.aemps.es/cima/fotos/thumbnails/formafarmac/62054/62054_formafarmac.jpg']"
63597,IBUFEN 400 mg COMPRIMIDOS RECUBIERTOS CON PELICULA,"Laboratorios Cinfa, S.A.",2001-01-18,True,['COMPRIMIDO RECUBIERTO'],['VÍA ORAL'],[400.0],['IBUPROFENO'],['CROSCARMELOSA SODICA'],['SIN RECETA'],"['M01A - PRODUCTOS ANTIINFLAMATORIOS Y ANTIRREUMÁTICOS NO ESTEROIDEOS', 'M01AE - Derivados del ácido propiónico', 'M01AE01 - Ibuprofeno']","['https://cima.aemps.es/cima/fotos/thumbnails/materialas/63597/63597_materialas.jpg', 'https://cima.aemps.es/cima/fotos/thumbnails/formafarmac/63597/63597_formafarmac.jpg']"
67938,IBUPROFENO (ARGININA) CINFA 400 mg GRANULADO PARA SOLUCION ORAL EFG,"Laboratorios Cinfa, S.A.",2006-07-07,True,['GRANULADO PARA SOLUCIÓN ORAL'],['VÍA ORAL'],[400.0],['IBUPROFENO'],"['LAURILSULFATO DE SODIO', 'SACAROSA', 'ASPARTAMO (E-951)', 'SACARINA SODICA', 'HIDROGENO CARBONATO DE SODIO']","['MEDICAMENTO SUJETO A PRESCRIPCIÓN MÉDICA', 'Con receta']","['M01A - PRODUCTOS ANTIINFLAMATORIOS Y ANTIRREUMÁTICOS NO ESTEROIDEOS', 'M01AE - Derivados del ácido propiónico', 'M01AE01 - Ibuprofeno']","['https://cima.aemps.es/cima/fotos/thumbnails/materialas/67938/67938_materialas.jpg', 'https://cima.aemps.es/cima/fotos/thumbnails/formafarmac/67938/67938_formafarmac.jpg']"
67939,IBUPROFENO (ARGININA) CINFA 600 mg GRANULADO PARA SOLUCION ORAL EFG,"Laboratorios Cinfa, S.A.",2006-07-07,True,['GRANULADO PARA SOLUCIÓN ORAL'],['VÍA ORAL'],[600.0],['IBUPROFENO'],"['SACAROSA', 'ASPARTAMO (E-951)', 'SACARINA SODICA', 'LAURILSULFATO DE SODIO', 'HIDROGENO CARBONATO DE SODIO']","['MEDICAMENTO SUJETO A PRESCRIPCIÓN MÉDICA', 'Con receta']","['M01A - PRODUCTOS ANTIINFLAMATORIOS Y ANTIRREUMÁTICOS NO ESTEROIDEOS', 'M01AE - Derivados del ácido propiónico', 'M01AE01 - Ibuprofeno']","['https://cima.aemps.es/cima/fotos/thumbnails/materialas/67939/67939_materialas.jpg', 'https://cima.aemps.es/cima/fotos/thumbnails/formafarmac/67939/67939_formafarmac.jpg']"
69576,IBUPROFENO (ARGININA) KERN PHARMA 600 mg GRANULADO PARA SOLUCION ORAL EFG,"Kern Pharma, S.L.",2008-01-30,True,['GRANULADO PARA SOLUCIÓN ORAL'],['VÍA ORAL'],[600.0],['IBUPROFENO'],"['ASPARTAMO (E-951)', 'AZUCAR', 'HIDROGENOCARBONATO DE SODIO', 'SACARINA SODICA', 'LAURILSULFATO DE SODIO']","['MEDICAMENTO SUJETO A PRESCRIPCIÓN MÉDICA', 'Con receta']","['M01A - PRODUCTOS ANTIINFLAMATORIOS Y ANTIRREUMÁTICOS NO ESTEROIDEOS', 'M01AE - Derivados del ácido propiónico', 'M01AE01 - Ibuprofeno']","['https://cima.aemps.es/cima/fotos/thumbnails/materialas/69576/69576_materialas.jpg', 'https://cima.aemps.es/cima/fotos/thumbnails/formafarmac/69576/69576_formafarmac.jpg']"
72415,IBUPROFENO (ARGININA) NORMON 400 mg GRANULADO PARA SOLUCION ORAL EFG,"Laboratorios Normon, S.A.",2010-06-17,True,['GRANULADO PARA SOLUCIÓN ORAL'],['VÍA ORAL'],[400.0],['IBUPROFENO'],"['ASPARTAMO (E-951)', 'HIDROGENOCARBONATO DE SODIO', 'SACARINA SODICA', 'LAURILSULFATO DE SODIO', 'AZUCAR']","['MEDICAMENTO SUJETO A PRESCRIPCIÓN MÉDICA', 'Con receta']","['M01A - PRODUCTOS ANTIINFLAMATORIOS Y ANTIRREUMÁTICOS NO ESTEROIDEOS', 'M01AE - Derivados del ácido propiónico', 'M01AE01 - Ibuprofeno']","['https://cima.aemps.es/cima/fotos/thumbnails/materialas/72415/72415_materialas.jpg', 'https://cima.aemps.es/cima/fotos/thumbnails/formafarmac/72415/72415_formafarmac.jpg']"
69679,IBUPROFENO (ARGININA) NORMON 600 mg GRANULADO PARA SOLUCION ORAL EFG,"Laboratorios Normon, S.A.",2008-03-12,True,['GRANULADO PARA SOLUCIÓN ORAL'],['VÍA ORAL'],[600.0],['IBUPROFENO'],"['HIDROGENOCARBONATO DE SODIO', 'SACARINA SODICA', 'LAURILSULFATO DE SODIO', 'ASPARTAMO (E-951)', 'AZUCAR']","['MEDICAMENTO SUJETO A PRESCRIPCIÓN MÉDICA', 'Con receta']","['M01A - PRODUCTOS ANTIINFLAMATORIOS Y ANTIRREUMÁTICOS NO ESTEROIDEOS', 'M01AE - Derivados del ácido propiónico', 'M01AE01 - Ibuprofeno']","['https://cima.aemps.es/cima/fotos/thumbnails/materialas/69679/69679_materialas.jpg', 'https://cima.aemps.es/cima/fotos/thumbnails/formafarmac/69679/69679_formafarmac.jpg']"
69677,IBUPROFENO (ARGININA) SANDOZ 600 mg GRANULADO PARA SOLUCION ORAL EFG,"Sandoz Farmaceutica, S.A.",2008-03-12,True,['GRANULADO PARA SOLUCIÓN ORAL'],['VÍA ORAL'],[600.0],['IBUPROFENO'],"['HIDROGENOCARBONATO DE SODIO', 'SACARINA SODICA', 'LAURILSULFATO DE SODIO', 'ASPARTAMO (E-951)', 'AZUCAR']","['MEDICAMENTO SUJETO A PRESCRIPCIÓN MÉDICA', 'Con receta']","['M01A - PRODUCTOS ANTIINFLAMATORIOS Y ANTIRREUMÁTICOS NO ESTEROIDEOS', 'M01AE - Derivados del ácido propiónico', 'M01AE01 - Ibuprofeno']","['https://cima.aemps.es/cima/fotos/thumbnails/materialas/69677/69677_materialas.jpg', 'https://cima.aemps.es/cima/fotos/thumbnails/formafarmac/69677/69677_formafarmac.jpg']"
69343,IBUPROFENO (ARGININA) STADA 600 mg GRANULADO PARA SOLUCION ORAL EFG,"Laboratorio Stada, S.L.",2007-10-18,True,['GRANULADO PARA SOLUCIÓN ORAL'],['VÍA ORAL'],[600.0],['IBUPROFENO'],"['ASPARTAMO (E-951)', 'AZUCAR', 'HIDROGENOCARBONATO DE SODIO', 'SACARINA SODICA', 'LAURILSULFATO DE SODIO']","['MEDICAMENTO SUJETO A PRESCRIPCIÓN MÉDICA', 'Con receta']","['M01A - PRODUCTOS ANTIINFLAMATORIOS Y ANTIRREUMÁTICOS NO ESTEROIDEOS', 'M01AE - Derivados del ácido propiónico', 'M01AE01 - Ibuprofeno']","['https://cima.aemps.es/cima/fotos/thumbnails/materialas/69343/69343_materialas.jpg', 'https://cima.aemps.es/cima/fotos/thumbnails/formafarmac/69343/69343_formafarmac.jpg']"
66020,IBUPROFENO CINFA 20 MG/ML SUSPENSIÓN ORAL EFG,"Laboratorios Cinfa, S.A.",2004-04-06,True,['SUSPENSIÓN ORAL'],['VÍA ORAL'],"[100.0, 5.0]",['IBUPROFENO'],"['GLICEROL', 'MALTITOL (E965)', 'CITRATO DE SODIO (E-331)', 'BENZOATO DE SODIO  (E 211)', 'SACARINA SODICA']","['MEDICAMENTO SUJETO A PRESCRIPCIÓN MÉDICA', 'Con receta']","['M01A - PRODUCTOS ANTIINFLAMATORIOS Y ANTIRREUMÁTICOS NO ESTEROIDEOS', 'M01AE - Derivados del ácido propiónico', 'M01AE01 - Ibuprofeno']","['https://cima.aemps.es/cima/fotos/thumbnails/materialas/66020/66020_materialas.jpg', 'https://cima.aemps.es/cima/fotos/thumbnails/formafarmac/66020/66020_formafarmac.jpg']"
77857,IBUPROFENO CINFA 40 MG/ML SUSPENSION ORAL EFG,"Laboratorios Cinfa, S.A.",2013-08-19,True,['SUSPENSIÓN ORAL'],['VÍA ORAL'],[40.0],['IBUPROFENO'],"['GLICEROL', 'MALTITOL LIQUIDO E965', 'BENZOATO DE SODIO  (E 211)', 'CITRATO DE SODIO (E-331)', 'CLORURO DE SODIO', 'SACARINA SODICA']","['MEDICAMENTO SUJETO A PRESCRIPCIÓN MÉDICA', 'Con receta']","['M01A - PRODUCTOS ANTIINFLAMATORIOS Y ANTIRREUMÁTICOS NO ESTEROIDEOS', 'M01AE - Derivados del ácido propiónico', 'M01AE01 - Ibuprofeno']","['https://cima.aemps.es/cima/fotos/thumbnails/materialas/77857/77857_materialas.jpg', 'https://cima.aemps.es/cima/fotos/thumbnails/formafarmac/77857/77857_formafarmac.jpg']"
70039,IBUPROFENO CINFA 600 mg COMPRIMIDOS RECUBIERTOS CON PELICULA EFG,"Laboratorios Cinfa, S.A.",2008-08-26,True,['COMPRIMIDO RECUBIERTO CON PELÍCULA'],['VÍA ORAL'],[600.0],['IBUPROFENO'],"['CROSCARMELOSA SODICA', 'LACTOSA MONOHIDRATO']","['MEDICAMENTO SUJETO A PRESCRIPCIÓN MÉDICA', 'Con receta']","['M01A - PRODUCTOS ANTIINFLAMATORIOS Y ANTIRREUMÁTICOS NO ESTEROIDEOS', 'M01AE - Derivados del ácido propiónico', 'M01AE01 - Ibuprofeno']","['https://cima.aemps.es/cima/fotos/thumbnails/materialas/70039/70039_materialas.jpg', 'https://cima.aemps.es/cima/fotos/thumbnails/formafarmac/70039/70039_formafarmac.jpg']"
67278,IBUPROFENO CINFAMED 400 mg COMPRIMIDOS RECUBIERTOS CON PELICULA EFG,"Laboratorios Cinfa, S.A.",2005-11-28,True,['COMPRIMIDO RECUBIERTO CON PELÍCULA'],['VÍA ORAL'],[400.0],['IBUPROFENO'],"['CROSCARMELOSA SODICA', 'LACTOSA', 'PROPILENGLICOL']","['MEDICAMENTO SUJETO A PRESCRIPCIÓN MÉDICA', 'Con receta']","['M01A - PRODUCTOS ANTIINFLAMATORIOS Y ANTIRREUMÁTICOS NO ESTEROIDEOS', 'M01AE - Derivados del ácido propiónico', 'M01AE01 - Ibuprofeno']","['https://cima.aemps.es/cima/fotos/thumbnails/materialas/67278/67278_materialas.jpg', 'https://cima.aemps.es/cima/fotos/thumbnails/formafarmac/67278/67278_formafarmac.jpg']"
65920,IBUPROFENO NORMON 20 mg/ml SUSPENSION ORAL EFG,"Laboratorios Normon, S.A.",2004-03-03,True,['SUSPENSIÓN ORAL'],['VÍA ORAL'],"[100.0, 5.0]",['IBUPROFENO'],"['BENZOATO DE SODIO  (E 211)', 'SACAROSA', 'GLICEROL', 'AMARILLO ANARANJADO S (E 110, CI=15985)']",['SIN RECETA'],"['M01A - PRODUCTOS ANTIINFLAMATORIOS Y ANTIRREUMÁTICOS NO ESTEROIDEOS', 'M01AE - Derivados del ácido propiónico', 'M01AE01 - Ibuprofeno']","['https://cima.aemps.es/cima/fotos/thumbnails/materialas/65920/65920_materialas.jpg', 'https://cima.aemps.es/cima/fotos/thumbnails/formafarmac/65920/65920_formafarmac.jpg']"
75244,IBUPROFENO NORMON 40 mg/ml SUSPENSION ORAL EFG,"Laboratorios Normon, S.A.",2012-01-05,True,['SUSPENSIÓN ORAL'],['VÍA ORAL'],[40.0],['IBUPROFENO'],"['BENZOATO DE SODIO  (E 211)', 'SACAROSA', 'GLICEROL', 'AMARILLO ANARANJADO S (E 110, CI=15985)']",['SIN RECETA'],"['M01A - PRODUCTOS ANTIINFLAMATORIOS Y ANTIRREUMÁTICOS NO ESTEROIDEOS', 'M01AE - Derivados del ácido propiónico', 'M01AE01 - Ibuprofeno']","['https://cima.aemps.es/cima/fotos/thumbnails/materialas/75244/75244_materialas.jpg', 'https://cima.aemps.es/cima/fotos/thumbnails/formafarmac/75244/75244_formafarmac.jpg']"
66326,IBUPROFENO SANDOZ 600 mg COMPRIMIDOS RECUBIERTOS CON PELICULA EFG,"Sandoz Farmaceutica, S.A.",2004-09-15,True,['COMPRIMIDO RECUBIERTO CON PELÍCULA'],['VÍA ORAL'],[600.0],['IBUPROFENO'],"['CROSCARMELOSA SODICA', 'LACTOSA', 'PROPILENGLICOL']","['MEDICAMENTO SUJETO A PRESCRIPCIÓN MÉDICA', 'Con receta']","['M01A - PRODUCTOS ANTIINFLAMATORIOS Y ANTIRREUMÁTICOS NO ESTEROIDEOS', 'M01AE - Derivados del ácido propiónico', 'M01AE01 - Ibuprofeno']","['https://cima.aemps.es/cima/fotos/thumbnails/materialas/66326/66326_materialas.jpg', 'https://cima.aemps.es/cima/fotos/thumbnails/formafarmac/66326/66326_formafarmac.jpg']"
67251,IBUPROFENO STADA 400 MG COMPRIMIDOS RECUBIERTOS CON PELICULA EFG,"Laboratorio Stada, S.L.",2005-11-22,True,['COMPRIMIDO RECUBIERTO CON PELÍCULA'],['VÍA ORAL'],[400.0],['IBUPROFENO'],"['CROSCARMELOSA SODICA', 'LACTOSA', 'PROPILENGLICOL']","['MEDICAMENTO SUJETO A PRESCRIPCIÓN MÉDICA', 'Con receta']","['M01A - PRODUCTOS ANTIINFLAMATORIOS Y ANTIRREUMÁTICOS NO ESTEROIDEOS', 'M01AE - Derivados del ácido propiónico', 'M01AE01 - Ibuprofeno']","['https://cima.aemps.es/cima/fotos/thumbnails/materialas/67251/67251_materialas.jpg', 'https://cima.aemps.es/cima/fotos/thumbnails/formafarmac/67251/67251_formafarmac.jpg']"
77615,IBUPROFENO STADA 600 MG COMPRIMIDOS RECUBIERTOS CON PELICULA EFG,"Laboratorio Stada, S.L.",2013-06-11,True,['COMPRIMIDO RECUBIERTO CON PELÍCULA'],['VÍA ORAL'],[600.0],['IBUPROFENO'],"['CROSCARMELOSA SODICA', 'LACTOSA', 'PROPILENGLICOL']","['MEDICAMENTO SUJETO A PRESCRIPCIÓN MÉDICA', 'Con receta']","['M01A - PRODUCTOS ANTIINFLAMATORIOS Y ANTIRREUMÁTICOS NO ESTEROIDEOS', 'M01AE - Derivados del ácido propiónico', 'M01AE01 - Ibuprofeno']","['https://cima.aemps.es/cima/fotos/thumbnails/materialas/77615/77615_materialas.jpg', 'https://cima.aemps.es/cima/fotos/thumbnails/formafarmac/77615/77615_formafarmac.jpg']"
66298,IBUPROFENO TARBIS 600 mg COMPRIMIDOS RECUBIERTOS CON PELÍCULA EFG,"Tarbis Farma, S.L.",2004-08-27,True,['COMPRIMIDO RECUBIERTO CON PELÍCULA'],['VÍA ORAL'],[600.0],['IBUPROFENO'],"['CROSCARMELOSA SODICA', 'LACTOSA', 'PROPILENGLICOL']","['MEDICAMENTO SUJETO A PRESCRIPCIÓN MÉDICA', 'Con receta']","['M01A - PRODUCTOS ANTIINFLAMATORIOS Y ANTIRREUMÁTICOS NO ESTEROIDEOS', 'M01AE - Derivados del ácido propiónico', 'M01AE01 - Ibuprofeno']","['https://cima.aemps.es/cima/fotos/thumbnails/materialas/66298/66298_materialas.jpg', 'https://cima.aemps.es/cima/fotos/thumbnails/formafarmac/66298/66298_formafarmac.jpg']"
74559,NORMODOL 400 mg GRANULADO PARA SOLUCION ORAL EFG,"Laboratorios Normon, S.A.",2011-08-10,True,['GRANULADO PARA SOLUCIÓN ORAL'],['VÍA ORAL'],[400.0],['IBUPROFENO'],"['ASPARTAMO (E-951)', 'HIDROGENOCARBONATO DE SODIO', 'SACARINA SODICA', 'LAURILSULFATO DE SODIO', 'AZUCAR']",['SIN RECETA'],"['M01A - PRODUCTOS ANTIINFLAMATORIOS Y ANTIRREUMÁTICOS NO ESTEROIDEOS', 'M01AE - Derivados del ácido propiónico', 'M01AE01 - Ibuprofeno']","['https://cima.aemps.es/cima/fotos/thumbnails/materialas/74559/74559_materialas.jpg', 'https://cima.aemps.es/cima/fotos/thumbnails/formafarmac/74559/74559_formafarmac.jpg']"
83605,PHARMAFREN 200 MG/30 MG CAPSULAS DURAS,"Laboratorios Cinfa, S.A.",2018-11-19,True,['CÁPSULA DURA'],['VÍA ORAL'],"[200.0, 30.0]","['IBUPROFENO', 'PSEUDOEFEDRINA HIDROCLORURO']","['CROSCARMELOSA SODICA', 'LAURILSULFATO DE SODIO']",['SIN RECETA'],"['R05X - OTROS PREPARADOS PARA EL RESFRÍADO', 'R05X_ - OTROS PREPARADOS COMBINADOS PARA EL RESFRIADO']","['https://cima.aemps.es/cima/fotos/thumbnails/materialas/83605/83605_materialas.jpg', 'https://cima.aemps.es/cima/fotos/thumbnails/formafarmac/83605/83605_formafarmac.jpg']"
63574,SERACTIL 400 mg COMPRIMIDOS RECUBIERTOS CON PELICULA,"Laboratorios Gebro Pharma, S.A.",2001-01-11,True,['COMPRIMIDO RECUBIERTO CON PELÍCULA'],['VÍA ORAL'],[400.0],['DEXIBUPROFENO'],[],"['MEDICAMENTO SUJETO A PRESCRIPCIÓN MÉDICA', 'Con receta']","['M01A - PRODUCTOS ANTIINFLAMATORIOS Y ANTIRREUMÁTICOS NO ESTEROIDEOS', 'M01AE - Derivados del ácido propiónico', 'M01AE14 - Dexibuprofeno']","['https://cima.aemps.es/cima/fotos/thumbnails/materialas/63574/63574_materialas.jpg', 'https://cima.aemps.es/cima/fotos/thumbnails/formafarmac/63574/63574_formafarmac.jpg']"
66868,ALGIDRIN INFANTIL 200 mg POLVO PARA SUSPENSION ORAL,Laboratorio De Aplicaciones Farmacodinamicas S.A.,2005-06-06,True,['POLVO PARA SUSPENSIÓN ORAL'],['VÍA ORAL'],[200.0],['IBUPROFENO LISINA'],"['BETACICLODEXTRINAS', 'SACAROSA', 'SABORIZANTE FRUTAS DEL BOSQUE', 'ROJO ALLURA AC (E129)', 'SACARINA SODICA', 'CICLAMATO DE SODIO', 'CITRATO DE SODIO (E-331)']","['MEDICAMENTO SUJETO A PRESCRIPCIÓN MÉDICA', 'Con receta']","['M01A - PRODUCTOS ANTIINFLAMATORIOS Y ANTIRREUMÁTICOS NO ESTEROIDEOS', 'M01AE - Derivados del ácido propiónico', 'M01AE01 - Ibuprofeno']",[]
78859,ALGIDRIN PEDIATRICO 20 MG/ML SUSPENSION ORAL,"Fardi, S.A. (Aplicaciones Farmacodinamicas)",2014-06-30,True,['SUSPENSIÓN ORAL'],['VÍA ORAL'],[20.0],['IBUPROFENO LISINA'],"['BETADEX', 'CELULOSA MICROCRISTALINA-CARMELOSA SODICA', 'ROJO ALLURA AC (E129)', 'MALTITOL (E965)', 'SORBITOL', 'SACARINA SODICA', 'SABORIZANTE FRUTAS DEL BOSQUE']","['MEDICAMENTO SUJETO A PRESCRIPCIÓN MÉDICA', 'Con receta']","['M01A - PRODUCTOS ANTIINFLAMATORIOS Y ANTIRREUMÁTICOS NO ESTEROIDEOS', 'M01AE - Derivados del ácido propiónico', 'M01AE01 - Ibuprofeno']",[]
84644,ALGIDRIN PEDIATRICO 40 MG/ML SUSPENSION ORAL,Laboratorio De Aplicaciones Farmacodinamicas S.A.,2019-11-14,True,['SUSPENSIÓN ORAL'],['VÍA ORAL'],[68.34],['IBUPROFENO LISINA'],"['BETADEX', 'MALTITOL (E965)', 'SORBITOL', 'CELULOSA MICROCRISTALINA-CARMELOSA SODICA', 'SABORIZANTE FRUTAS DEL BOSQUE', 'SACARINA SODICA', 'ROJO ALLURA AC (E129)']","['MEDICAMENTO SUJETO A PRESCRIPCIÓN MÉDICA', 'Con receta']","['M01A - PRODUCTOS ANTIINFLAMATORIOS Y ANTIRREUMÁTICOS NO ESTEROIDEOS', 'M01AE - Derivados del ácido propiónico', 'M01AE01 - Ibuprofeno']",[]
63196,ALGIDRIN 600 POLVO PARA SUSPENSION ORAL,"Fardi, S.A. (Aplicaciones Farmacodinamicas)",2000-06-30,True,['POLVO PARA SUSPENSIÓN ORAL'],['VÍA ORAL'],[600.0],['IBUPROFENO LISINA'],"['SACARINA SODICA', 'CITRATO DE SODIO (E-331)', 'BETADEX', 'CICLAMATO DE SODIO', 'SACAROSA']","['MEDICAMENTO SUJETO A PRESCRIPCIÓN MÉDICA', 'Con receta']","['M01A - PRODUCTOS ANTIINFLAMATORIOS Y ANTIRREUMÁTICOS NO ESTEROIDEOS', 'M01AE - Derivados del ácido propiónico', 'M01AE01 - Ibuprofeno']",[]
75357,ALGIFAST 400 mg POLVO PARA SUSPENSION ORAL,Laboratorio De Aplicaciones Farmacodinamicas S.A.,2012-01-31,True,['POLVO PARA SUSPENSIÓN ORAL'],['VÍA ORAL'],[684.0],['IBUPROFENO LISINA'],"['BETADEX', 'SACARINA SODICA', 'CICLAMATO DE SODIO', 'CITRATO DE SODIO (E-331)', 'SACAROSA']",['SIN RECETA'],"['M01A - PRODUCTOS ANTIINFLAMATORIOS Y ANTIRREUMÁTICOS NO ESTEROIDEOS', 'M01AE - Derivados del ácido propiónico', 'M01AE01 - Ibuprofeno']",[]
68004,APIROFENO 40 mg/ml SUSPENSION ORAL,"Laboratorios Ern, S.A.",2006-08-29,True,['SUSPENSIÓN ORAL'],['VÍA ORAL'],[4.0],['IBUPROFENO'],"['GLICEROL', 'CARMOISINA, AZORRUBINA (CI=14720,E-122)', 'JARABE DE MALTITOL (E965)', 'CLORURO DE SODIO', 'SACARINA SODICA', 'CITRATO DE SODIO (E-331)', 'BENZOATO DE SODIO  (E 211)']","['MEDICAMENTO SUJETO A PRESCRIPCIÓN MÉDICA', 'Con receta']","['M01A - PRODUCTOS ANTIINFLAMATORIOS Y ANTIRREUMÁTICOS NO ESTEROIDEOS', 'M01AE - Derivados del ácido propiónico', 'M01AE01 - Ibuprofeno']",[]
72293,ARAGEL 50 mg/g GEL,"Arafarma Group, S.A.",2010-05-25,True,['GEL'],['USO CUTÁNEO'],[50.0],['IBUPROFENO'],[],['SIN RECETA'],"['M02A - PRODUCTOS TÓPICOS PARA EL DOLOR ARTICULAR Y MUSCULAR', 'M02AA - Preparados con antiinflamatorios no esteroideos para uso tópico', 'M02AA13 - Ibuprofeno']",[]
67036,ARTICALM 50 mg/g GEL,Korhispana S.L.,2005-09-05,True,['GEL'],['USO CUTÁNEO'],[50.0],['IBUPROFENO'],"['ALCOHOL BENCILICO', 'HIDROXIDO DE SODIO (E-524)']",['SIN RECETA'],"['M02A - PRODUCTOS TÓPICOS PARA EL DOLOR ARTICULAR Y MUSCULAR', 'M02AA - Preparados con antiinflamatorios no esteroideos para uso tópico', 'M02AA13 - Ibuprofeno']",[]
75575,ASTEFOR 400mg/30 mg GRANULADO PARA SUSPENSION ORAL,"Farmasierra Laboratorios, S.L.",2012-03-05,True,['GRANULADO PARA SUSPENSIÓN ORAL'],['VÍA ORAL'],"[400.0, 30.0]","['CODEINA', 'IBUPROFENO']","['CROSCARMELOSA SODICA', 'LACTOSA ANHIDRA', 'SACARINA SODICA', 'LAURILSULFATO DE SODIO', 'ASPARTAMO (E-951)', 'CICLAMATO DE SODIO', 'ISOMALTA', 'XILITOL (E-967)']","['MEDICAMENTO SUJETO A PRESCRIPCIÓN MÉDICA', 'Con receta', 'Reduce la capacidad de conducción']","['N02A - OPIOIDES', 'N02AJ - Opioides combinados con otros analgesicos', 'N02AJ08 - Codeina e ibuprofeno']",[]
68541,ASTEFOR 400/30 mg COMPRIMIDOS RECUBIERTOS CON PELICULA,"Farmasierra Laboratorios, S.L.",2007-02-27,True,['COMPRIMIDO RECUBIERTO CON PELÍCULA'],['VÍA ORAL'],"[400.0, 30.0]","['IBUPROFENO', 'CODEINA FOSFATO HEMIHIDRATO']","['CARBOXIMETILALMIDON SODICO', 'CARMELOSA SODICA', 'ALMIDON PREGELATINIZADO']","['MEDICAMENTO SUJETO A PRESCRIPCIÓN MÉDICA', 'Con receta', 'Reduce la capacidad de conducción']","['N02A - OPIOIDES', 'N02AJ - Opioides combinados con otros analgesicos', 'N02AJ08 - Codeina e ibuprofeno']",[]
76389,BISOLFREN 200 MG/30 MG COMPRIMIDOS RECUBIERTOS CON PELÍCULA,Opella Healthcare Spain S.L.,2012-11-02,True,['COMPRIMIDO RECUBIERTO CON PELÍCULA'],['VÍA ORAL'],"[200.0, 30.0]","['IBUPROFENO', 'PSEUDOEFEDRINA HIDROCLORURO']","['LACTOSA MONOHIDRATO', 'CARBOXIMETILALMIDON SODICO']",['SIN RECETA'],"['R05X - OTROS PREPARADOS PARA EL RESFRÍADO', 'R05X_ - OTROS PREPARADOS COMBINADOS PARA EL RESFRIADO']",[]
65747,CINFADOL IBUPROFENO 50 mg/g GEL,"Laboratorios Cinfa, S.A.",2003-10-28,True,['GEL'],['USO CUTÁNEO'],[50.0],['IBUPROFENO'],['GLICEROL'],['SIN RECETA'],"['M02A - PRODUCTOS TÓPICOS PARA EL DOLOR ARTICULAR Y MUSCULAR', 'M02AA - Preparados con antiinflamatorios no esteroideos para uso tópico', 'M02AA13 - Ibuprofeno']",[]
81807,COULDINA CON IBUPROFENO COMPRIMIDOS EFERVESCENTES,"Laboratorios Alter, S.A.",2017-03-01,True,['COMPRIMIDO EFERVESCENTE'],['VÍA ORAL'],"[400.0, 2.0, 7.0, 5.0]","['IBUPROFENO LISINA', 'CLORFENAMINA MALEATO', 'FENILEFRINA HIDROCLORURO']","['DOCUSATO DE SODIO', 'MANITOL (E-421)', 'SACARINA SODICA', 'ASPARTAMO (E-951)', 'HIDROGENO CARBONATO DE SODIO']",['SIN RECETA'],"['R05X - OTROS PREPARADOS PARA EL RESFRÍADO', 'R05X_ - OTROS PREPARADOS COMBINADOS PARA EL RESFRIADO']",[]
59166,DALSY 20 mg/ml SUSPENSION ORAL,Mylan Ire Healthcare Limited,1991-12-01,True,['SUSPENSIÓN ORAL'],['VÍA ORAL'],"[100.0, 5.0]",['IBUPROFENO'],"['AMARILLO ANARANJADO S (E 110, CI=15985)', 'BENZOATO DE SODIO  (E 211)', 'GLICEROL', 'PARAHIDROXIBENZOATO DE PROPILO (E-216)', 'SACAROSA', 'SOLUCION DE SORBITOL 70%', 'PARAHIDROXIBENZOATO DE METILO  (E-218)']",['SIN RECETA'],"['M01A - PRODUCTOS ANTIINFLAMATORIOS Y ANTIRREUMÁTICOS NO ESTEROIDEOS', 'M01AE - Derivados del ácido propiónico', 'M01AE01 - Ibuprofeno']",[]
63990,DALSY 200 mg GRANULADO EFERVESCENTE,Mylan Ire Healthcare Limited,2001-06-11,True,['GRANULADO EFERVESCENTE'],['VÍA ORAL'],[200.0],['IBUPROFENO'],"['CARBONATO DE SODIO ANHIDRO', 'SACAROSA', 'SACARINA SODICA', 'HIDROGENO CARBONATO DE SODIO', 'LAURILSULFATO DE SODIO', 'CROSCARMELOSA SODICA']",['SIN RECETA'],"['M01A - PRODUCTOS ANTIINFLAMATORIOS Y ANTIRREUMÁTICOS NO ESTEROIDEOS', 'M01AE - Derivados del ácido propiónico', 'M01AE01 - Ibuprofeno']",[]
69726,DALSY 40 mg/ml SUSPENSION ORAL,Mylan Ire Healthcare Limited,2008-04-07,True,['SUSPENSIÓN ORAL'],['VÍA ORAL'],[40.0],['IBUPROFENO'],"['GLICEROL', 'JARABE DE MALTITOL (E965)', 'CLORURO DE SODIO', 'SACARINA SODICA', 'BENZOATO DE SODIO  (E 211)', 'CARMOISINA, AZORRUBINA (CI=14720,E-122)', 'CITRATO DE SODIO (E-331)']",['SIN RECETA'],"['M01A - PRODUCTOS ANTIINFLAMATORIOS Y ANTIRREUMÁTICOS NO ESTEROIDEOS', 'M01AE - Derivados del ácido propiónico', 'M01AE01 - Ibuprofeno']",[]
54985,DALSY 400 mg COMPRIMIDOS RECUBIERTOS CON PELICULA,Mylan Ire Healthcare Limited,1979-10-01,True,['COMPRIMIDO RECUBIERTO CON PELÍCULA'],['VÍA ORAL'],[400.0],['IBUPROFENO'],"['LACTOSA MONOHIDRATO', 'CROSCARMELOSA SODICA', 'LAURILSULFATO DE SODIO']",['SIN RECETA'],"['M01A - PRODUCTOS ANTIINFLAMATORIOS Y ANTIRREUMÁTICOS NO ESTEROIDEOS', 'M01AE - Derivados del ácido propiónico', 'M01AE01 - Ibuprofeno']",[]
84836,DILTIX 200 MG COMPRIMIDOS RECUBIERTOS CON PELICULA EFG,Aristo Pharma Gmbh,2020-01-31,True,['COMPRIMIDO RECUBIERTO CON PELÍCULA'],['VÍA ORAL'],[200.0],['IBUPROFENO'],"['CROSCARMELOSA SODICA', 'LACTOSA MONOHIDRATO', 'LAURILSULFATO DE SODIO', 'PROPILENGLICOL']",['SIN RECETA'],"['M01A - PRODUCTOS ANTIINFLAMATORIOS Y ANTIRREUMÁTICOS NO ESTEROIDEOS', 'M01AE - Derivados del ácido propiónico', 'M01AE01 - Ibuprofeno']",[]
84818,DILTIX 400 MG COMPRIMIDOS RECUBIERTOS CON PELICULA EFG,Aristo Pharma Gmbh,2020-01-28,True,['COMPRIMIDO RECUBIERTO CON PELÍCULA'],['VÍA ORAL'],[400.0],['IBUPROFENO'],"['CROSCARMELOSA SODICA', 'LACTOSA MONOHIDRATO', 'LAURILSULFATO DE SODIO', 'PROPILENGLICOL']",['SIN RECETA'],"['M01A - PRODUCTOS ANTIINFLAMATORIOS Y ANTIRREUMÁTICOS NO ESTEROIDEOS', 'M01AE - Derivados del ácido propiónico', 'M01AE01 - Ibuprofeno']",[]
66416,DILTIX 47 mg/ml SOLUCION PARA PULVERIZACION CUTANEA,"Aristo Pharma Iberia, S.L",2004-10-22,True,['SOLUCIÓN PARA PULVERIZACIÓN CUTÁNEA'],['USO CUTÁNEO'],[50.0],['IBUPROFENO'],"['ALCOHOL ETILICO (ETANOL)', 'LAURATO DE PROPILENGLICOL']",['SIN RECETA'],"['M02A - PRODUCTOS TÓPICOS PARA EL DOLOR ARTICULAR Y MUSCULAR', 'M02AA - Preparados con antiinflamatorios no esteroideos para uso tópico', 'M02AA13 - Ibuprofeno']",[]
64030,DILTIX 50 mg/g GEL,"Aristo Pharma Iberia, S.L",2001-06-27,True,['GEL'],['USO CUTÁNEO'],[50.0],['IBUPROFENO'],"['LAURATO DE PROPILENGLICOL', 'ALCOHOL ETILICO (ETANOL)']",['SIN RECETA'],"['M02A - PRODUCTOS TÓPICOS PARA EL DOLOR ARTICULAR Y MUSCULAR', 'M02AA - Preparados con antiinflamatorios no esteroideos para uso tópico', 'M02AA13 - Ibuprofeno']",[]
62258,DOCTRIL FORTE 400 MG COMPRMIDOS RECUBIERTOS CON PELICULA,"Johnson And Johnson, S.A.",1998-10-01,True,['COMPRIMIDO RECUBIERTO'],['VÍA ORAL'],[400.0],['IBUPROFENO LISINA'],[],['SIN RECETA'],"['M01A - PRODUCTOS ANTIINFLAMATORIOS Y ANTIRREUMÁTICOS NO ESTEROIDEOS', 'M01AE - Derivados del ácido propiónico', 'M01AE01 - Ibuprofeno']",[]
85244,DOLALGIAL IBUPROFENO/CAFEINA 400 MG/100 MG COMPRIMIDOS RECUBIERTOS CON PELICULA,Opella Healthcare Spain S.L.,2020-07-13,True,['COMPRIMIDO RECUBIERTO CON PELÍCULA'],['VÍA ORAL'],"[400.0, 100.0]","['IBUPROFENO', 'CAFEINA']",['CROSCARMELOSA SODICA'],['SIN RECETA'],"['M01A - PRODUCTOS ANTIINFLAMATORIOS Y ANTIRREUMÁTICOS NO ESTEROIDEOS', 'M01AE - Derivados del ácido propiónico', 'M01AE51 - Ibuprofeno, combinaciones con']",[]
82905,DOLOSTOP PLUS 500 MG/150 MG COMPRIMIDOS RECUBIERTOS CON PELICULA,"Kern Pharma, S.L.",2018-07-13,True,['COMPRIMIDO RECUBIERTO CON PELÍCULA'],['VÍA ORAL'],"[500.0, 150.0]","['PARACETAMOL', 'IBUPROFENO']",['CROSCARMELOSA SODICA'],['SIN RECETA'],"['N02B - OTROS ANALGÉSICOS Y ANTIPIRÉTICOS', 'N02BE - Anilidas', 'N02BE51 - Paracetamol, combinaciones excluyendo psicolépticos']",[]
65843,ESPIDIDOL 400 mg COMPRIMIDOS RECUBIERTOS,"Zambon, S.A.U.",2004-01-12,True,['COMPRIMIDO RECUBIERTO'],['VÍA ORAL'],[400.0],['IBUPROFENO ARGININA'],"['SACAROSA', 'HIDROGENOCARBONATO DE SODIO']",['SIN RECETA'],"['M01A - PRODUCTOS ANTIINFLAMATORIOS Y ANTIRREUMÁTICOS NO ESTEROIDEOS', 'M01AE - Derivados del ácido propiónico', 'M01AE01 - Ibuprofeno']",[]
68344,ESPIDIDOL 400 mg GRANULADO PARA SOLUCION ORAL SABOR MENTA,"Zambon, S.A.U.",2007-01-17,True,['GRANULADO PARA SOLUCIÓN ORAL'],['VÍA ORAL'],[400.0],['IBUPROFENO ARGININA'],"['HIDROGENO CARBONATO DE SODIO', 'SACARINA SODICA', 'ASPARTAMO (E-951)', 'SACAROSA']",['SIN RECETA'],"['M01A - PRODUCTOS ANTIINFLAMATORIOS Y ANTIRREUMÁTICOS NO ESTEROIDEOS', 'M01AE - Derivados del ácido propiónico', 'M01AE01 - Ibuprofeno']",[]
60514,ESPIDIFEN 400 mg GRANULADO PARA SOLUCION ORAL SABOR MENTA,"Zambon, S.A.U.",1994-12-01,True,['GRANULADO PARA SOLUCIÓN ORAL'],['VÍA ORAL'],[400.0],['IBUPROFENO ARGININA'],"['HIDROGENOCARBONATO DE SODIO', 'SACARINA SODICA', 'SACAROSA', 'ASPARTAMO (E-951)']","['MEDICAMENTO SUJETO A PRESCRIPCIÓN MÉDICA', 'Con receta']","['M01A - PRODUCTOS ANTIINFLAMATORIOS Y ANTIRREUMÁTICOS NO ESTEROIDEOS', 'M01AE - Derivados del ácido propiónico', 'M01AE01 - Ibuprofeno']",[]
68222,ESPIDIFEN 600 mg GRANULADO PARA SOLUCION ORAL SABOR ALBARICOQUE,"Zambon, S.A.U.",2006-12-04,True,['GRANULADO PARA SOLUCIÓN ORAL'],['VÍA ORAL'],[600.0],['IBUPROFENO ARGININA'],"['HIDROGENO CARBONATO DE SODIO', 'SACARINA SODICA', 'ASPARTAMO (E-951)', 'SACAROSA']","['MEDICAMENTO SUJETO A PRESCRIPCIÓN MÉDICA', 'Con receta']","['M01A - PRODUCTOS ANTIINFLAMATORIOS Y ANTIRREUMÁTICOS NO ESTEROIDEOS', 'M01AE - Derivados del ácido propiónico', 'M01AE01 - Ibuprofeno']",[]
80719,ESPIDIFEN 600 MG GRANULADO PARA SOLUCION ORAL SABOR COLA-LIMON,"Zambon, S.A.U.",2016-03-08,True,['GRANULADO PARA SOLUCIÓN ORAL'],['VÍA ORAL'],[600.0],['IBUPROFENO ARGININA'],"['CARBONATO DE SODIO ANHIDRO', 'SACAROSA', 'ACESULFAMO POTASICO', 'ASPARTAMO (E-951)']","['MEDICAMENTO SUJETO A PRESCRIPCIÓN MÉDICA', 'Con receta']","['M01A - PRODUCTOS ANTIINFLAMATORIOS Y ANTIRREUMÁTICOS NO ESTEROIDEOS', 'M01AE - Derivados del ácido propiónico', 'M01AE01 - Ibuprofeno']",[]
73840,ESPIDIFEN 600 mg GRANULADO PARA SOLUCION ORAL SABOR MENTA EFG,"Zambon, S.A.U.",2011-04-11,True,['GRANULADO PARA SOLUCIÓN ORAL'],['VÍA ORAL'],[600.0],['IBUPROFENO ARGININA'],"['HIDROGENOCARBONATO DE SODIO', 'SACARINA SODICA', 'ASPARTAMO (E-951)', 'SACAROSA']","['MEDICAMENTO SUJETO A PRESCRIPCIÓN MÉDICA', 'Con receta']","['M01A - PRODUCTOS ANTIINFLAMATORIOS Y ANTIRREUMÁTICOS NO ESTEROIDEOS', 'M01AE - Derivados del ácido propiónico', 'M01AE01 - Ibuprofeno']",[]
76466,FEBRIROL 200 MG GRANULADO PARA SOLUCION ORAL,"Farmalider, S.A.",2012-09-14,True,['GRANULADO PARA SOLUCIÓN ORAL'],['VÍA ORAL'],[200.0],['IBUPROFENO'],"['ASPARTAMO (E-951)', 'AZUCAR', 'HIDROGENOCARBONATO DE SODIO', 'SACARINA SODICA', 'LAURILSULFATO DE SODIO']",['SIN RECETA'],"['M01A - PRODUCTOS ANTIINFLAMATORIOS Y ANTIRREUMÁTICOS NO ESTEROIDEOS', 'M01AE - Derivados del ácido propiónico', 'M01AE01 - Ibuprofeno']",[]
63868,FIEDOSIN 20 MG/ML SUSPENSION ORAL,"Industria Quimica Y Farmaceutica Vir, S.A.",2001-04-27,True,['SUSPENSIÓN ORAL'],['VÍA ORAL'],[2.0],['IBUPROFENO'],"['CROSCARMELOSA SODICA', 'SACAROSA', 'AMARILLO ANARANJADO S (E 110, CI=15985)', 'PARAHIDROXIBENZOATO DE PROPILO SODICO', 'GLICEROL', 'PARAHIDROXIBENZOATO DE METILO SODICO']","['MEDICAMENTO SUJETO A PRESCRIPCIÓN MÉDICA', 'Con receta']","['M01A - PRODUCTOS ANTIINFLAMATORIOS Y ANTIRREUMÁTICOS NO ESTEROIDEOS', 'M01AE - Derivados del ácido propiónico', 'M01AE01 - Ibuprofeno']",[]
68596,GELIB 50 mg/g GEL,"Farmasierra Laboratorios, S.L.",2007-03-14,True,['GEL'],['USO CUTÁNEO'],[50.0],['IBUPROFENO'],"['HIDROXIDO DE SODIO (E-524)', 'ALCOHOL BENCILICO']",['SIN RECETA'],"['M02A - PRODUCTOS TÓPICOS PARA EL DOLOR ARTICULAR Y MUSCULAR', 'M02AA - Preparados con antiinflamatorios no esteroideos para uso tópico', 'M02AA13 - Ibuprofeno']",[]
83227,GELOPROFEN RAPID 400 MG POLVO PARA SUSPENSION ORAL,"Ferrer Internacional, S.A.",2018-06-21,True,['POLVO PARA SUSPENSIÓN ORAL'],['VÍA ORAL'],[400.0],['IBUPROFENO LISINA'],"['BETACICLODEXTRINAS', 'SACARINA SODICA', 'CICLAMATO DE SODIO', 'CITRATO DE SODIO (E-331)', 'SACAROSA']",['SIN RECETA'],"['M01A - PRODUCTOS ANTIINFLAMATORIOS Y ANTIRREUMÁTICOS NO ESTEROIDEOS', 'M01AE - Derivados del ácido propiónico', 'M01AE01 - Ibuprofeno']",[]
70145,IBUCALM 50 mg/g GEL MENTOLADO,"Teva Pharma, S.L.U.",2008-10-16,True,['GEL'],['USO CUTÁNEO'],[50.0],['IBUPROFENO'],"['ALCOHOL ETILICO (ETANOL)', 'GLICEROL', 'HIDROXIDO DE SODIO (E-524)']",['SIN RECETA'],"['M02A - PRODUCTOS TÓPICOS PARA EL DOLOR ARTICULAR Y MUSCULAR', 'M02AA - Preparados con antiinflamatorios no esteroideos para uso tópico', 'M02AA13 - Ibuprofeno']",[]
68086,IBUDOL PEDIÁTRICO 200 MG SUSPENSIÓN ORAL,"Kern Pharma, S.L.",2006-10-19,True,['SUSPENSIÓN ORAL'],['VÍA ORAL'],[200.0],['IBUPROFENO'],"['BENZOATO DE SODIO  (E 211)', 'CITRATO DE SODIO (E-331)', 'SACARINA SODICA', 'GLICEROL', 'JARABE DE MALTITOL (E965)']",['SIN RECETA'],"['M01A - PRODUCTOS ANTIINFLAMATORIOS Y ANTIRREUMÁTICOS NO ESTEROIDEOS', 'M01AE - Derivados del ácido propiónico', 'M01AE01 - Ibuprofeno']",[]
72763,IBUDOL RAPID 400 mg GRANULADO PARA SOLUCION ORAL EFG,"Kern Pharma, S.L.",2010-09-28,True,['GRANULADO PARA SOLUCIÓN ORAL'],['VÍA ORAL'],[400.0],['IBUPROFENO'],"['ASPARTAMO (E-951)', 'HIDROGENOCARBONATO DE SODIO', 'SACARINA SODICA', 'LAURILSULFATO DE SODIO', 'AZUCAR']","['MEDICAMENTO SUJETO A PRESCRIPCIÓN MÉDICA', 'Con receta']","['M01A - PRODUCTOS ANTIINFLAMATORIOS Y ANTIRREUMÁTICOS NO ESTEROIDEOS', 'M01AE - Derivados del ácido propiónico', 'M01AE01 - Ibuprofeno']",[]
72989,IBUDOL ROLL-ON 50 MG/G GEL ENVASE CON APLICADOR DE BOLA,"Kern Pharma, S.L.",2010-11-11,True,['GEL'],['USO CUTÁNEO'],[50.0],['IBUPROFENO'],"['ETANOL ANHIDRO', 'GLICEROL', 'HIDROXIDO DE SODIO (E-524)']",['SIN RECETA'],"['M02A - PRODUCTOS TÓPICOS PARA EL DOLOR ARTICULAR Y MUSCULAR', 'M02AA - Preparados con antiinflamatorios no esteroideos para uso tópico', 'M02AA13 - Ibuprofeno']",[]
78529,IBUDOL 400 MG COMPRIMIDOS RECUBIERTOS CON PELICULA EFG,"Kern Pharma, S.L.",2014-03-05,True,['COMPRIMIDO RECUBIERTO CON PELÍCULA'],['VÍA ORAL'],[400.0],['IBUPROFENO'],"['ALMIDON PREGELATINIZADO', 'HIPROMELOSA/DIOXIDO DE TITANIO (E-171)/PROPILENGLI']",['SIN RECETA'],"['M01A - PRODUCTOS ANTIINFLAMATORIOS Y ANTIRREUMÁTICOS NO ESTEROIDEOS', 'M01AE - Derivados del ácido propiónico', 'M01AE01 - Ibuprofeno']",[]
68194,IBUDOL 400 MG SUSPENSION ORAL,"Kern Pharma, S.L.",2006-11-22,True,['SUSPENSIÓN ORAL'],['VÍA ORAL'],[400.0],['IBUPROFENO'],"['BENZOATO DE SODIO  (E 211)', 'CITRATO DE SODIO (E-331)', 'SACARINA SODICA', 'CLORURO DE SODIO', 'JARABE DE MALTITOL (E965)', 'GLICEROL']",['SIN RECETA'],"['M01A - PRODUCTOS ANTIINFLAMATORIOS Y ANTIRREUMÁTICOS NO ESTEROIDEOS', 'M01AE - Derivados del ácido propiónico', 'M01AE01 - Ibuprofeno']",[]
67963,IBUFARMALID 200 mg SUSPENSION ORAL,"Farmalider, S.A.",2006-07-28,True,['SUSPENSIÓN ORAL'],['VÍA ORAL'],[200.0],['IBUPROFENO'],"['BENZOATO DE SODIO  (E 211)', 'CITRATO DE SODIO (E-331)', 'SACARINA SODICA', 'CLORURO DE SODIO', 'CARMOISINA, AZORRUBINA (CI=14720,E-122)', 'JARABE DE MALTITOL (E965)', 'GLICEROL']","['MEDICAMENTO SUJETO A PRESCRIPCIÓN MÉDICA', 'Con receta']","['M01A - PRODUCTOS ANTIINFLAMATORIOS Y ANTIRREUMÁTICOS NO ESTEROIDEOS', 'M01AE - Derivados del ácido propiónico', 'M01AE01 - Ibuprofeno']",[]
68200,IBUFARMALID 400 mg SUSPENSION ORAL,"Farmalider, S.A.",2006-11-27,True,['SUSPENSIÓN ORAL'],['VÍA ORAL'],[400.0],['IBUPROFENO'],"['BENZOATO DE SODIO  (E 211)', 'CITRATO DE SODIO (E-331)', 'SACARINA SODICA', 'CLORURO DE SODIO', 'JARABE DE MALTITOL (E965)', 'CARMOISINA, AZORRUBINA (CI=14720,E-122)', 'GLICEROL']","['MEDICAMENTO SUJETO A PRESCRIPCIÓN MÉDICA', 'Con receta']","['M01A - PRODUCTOS ANTIINFLAMATORIOS Y ANTIRREUMÁTICOS NO ESTEROIDEOS', 'M01AE - Derivados del ácido propiónico', 'M01AE01 - Ibuprofeno']",[]
67931,IBUFARMALID 600 mg SUSPENSION ORAL,"Farmalider, S.A.",2006-07-05,True,['SUSPENSIÓN ORAL'],['VÍA ORAL'],[600.0],['IBUPROFENO'],"['BENZOATO DE SODIO  (E 211)', 'CITRATO DE SODIO (E-331)', 'SACARINA SODICA', 'CLORURO DE SODIO', 'CARMOISINA, AZORRUBINA (CI=14720,E-122)', 'JARABE DE MALTITOL (E965)', 'GLICEROL']","['MEDICAMENTO SUJETO A PRESCRIPCIÓN MÉDICA', 'Con receta']","['M01A - PRODUCTOS ANTIINFLAMATORIOS Y ANTIRREUMÁTICOS NO ESTEROIDEOS', 'M01AE - Derivados del ácido propiónico', 'M01AE01 - Ibuprofeno']",[]
78528,IBUKERN 600 MG COMPRIMIDOS RECUBIERTOS CON PELICULA EFG,"Kern Pharma, S.L.",2014-03-05,True,['COMPRIMIDO RECUBIERTO CON PELÍCULA'],['VÍA ORAL'],[600.0],['IBUPROFENO'],"['ALMIDON PREGELATINIZADO', 'PROPILENGLICOL']","['MEDICAMENTO SUJETO A PRESCRIPCIÓN MÉDICA', 'Con receta']","['M01A - PRODUCTOS ANTIINFLAMATORIOS Y ANTIRREUMÁTICOS NO ESTEROIDEOS', 'M01AE - Derivados del ácido propiónico', 'M01AE01 - Ibuprofeno']",[]
67930,IBUKERN 600 MG SUSPENSION ORAL,"Kern Pharma, S.L.",2006-07-10,True,['SUSPENSIÓN ORAL'],['VÍA ORAL'],[600.0],['IBUPROFENO'],"['BENZOATO DE SODIO  (E 211)', 'CITRATO DE SODIO (E-331)', 'SACARINA SODICA', 'CLORURO DE SODIO', 'GLICEROL', 'JARABE DE MALTITOL (E965)']","['MEDICAMENTO SUJETO A PRESCRIPCIÓN MÉDICA', 'Con receta']","['M01A - PRODUCTOS ANTIINFLAMATORIOS Y ANTIRREUMÁTICOS NO ESTEROIDEOS', 'M01AE - Derivados del ácido propiónico', 'M01AE01 - Ibuprofeno']",[]
67555,IBUKEY 50 mg/g GEL,"Pharminicio, S.L.",2006-02-14,True,['GEL'],['USO CUTÁNEO'],[50.0],['IBUPROFENO'],"['HIDROXIDO DE SODIO (E-524)', 'ALCOHOL BENCILICO']",['SIN RECETA'],"['M02A - PRODUCTOS TÓPICOS PARA EL DOLOR ARTICULAR Y MUSCULAR', 'M02AA - Preparados con antiinflamatorios no esteroideos para uso tópico', 'M02AA13 - Ibuprofeno']",[]
72838,IBUPROFENO ABDRUG 600 MG COMPRIMIDOS RECUBIERTOS CON PELICULA EFG,"Mabo-Farma, S.A.",2010-10-14,True,['COMPRIMIDO RECUBIERTO CON PELÍCULA'],['VÍA ORAL'],[600.0],['IBUPROFENO'],"['LACTOSA', 'CROSCARMELOSA SODICA', 'PROPILENGLICOL']","['MEDICAMENTO SUJETO A PRESCRIPCIÓN MÉDICA', 'Con receta']","['M01A - PRODUCTOS ANTIINFLAMATORIOS Y ANTIRREUMÁTICOS NO ESTEROIDEOS', 'M01AE - Derivados del ácido propiónico', 'M01AE01 - Ibuprofeno']",[]
65956,IBUPROFENO ALDO-UNIÓN 20 mg/ml SUSPENSIÓN ORAL EFG,"Laboratorio Aldo-Union, S.L.",2004-03-09,True,['SUSPENSIÓN ORAL'],['VÍA ORAL'],"[100.0, 5.0]",['IBUPROFENO'],"['GLICEROL', 'MALTITOL (E965)', 'BENZOATO DE SODIO  (E 211)', 'SACARINA SODICA', 'CITRATO DE SODIO (E-331)']","['MEDICAMENTO SUJETO A PRESCRIPCIÓN MÉDICA', 'Con receta']","['M01A - PRODUCTOS ANTIINFLAMATORIOS Y ANTIRREUMÁTICOS NO ESTEROIDEOS', 'M01AE - Derivados del ácido propiónico', 'M01AE01 - Ibuprofeno']",[]
72983,IBUPROFENO ALMUS 600 mg COMPRIMIDOS RECUBIERTOS CON PELICULA EFG,Almus Farmaceutica S.A.U.,2010-11-10,True,['COMPRIMIDO RECUBIERTO CON PELÍCULA'],['VÍA ORAL'],[600.0],['IBUPROFENO'],"['LACTOSA MONOHIDRATO', 'CROSCARMELOSA SODICA']","['MEDICAMENTO SUJETO A PRESCRIPCIÓN MÉDICA', 'Con receta']","['M01A - PRODUCTOS ANTIINFLAMATORIOS Y ANTIRREUMÁTICOS NO ESTEROIDEOS', 'M01AE - Derivados del ácido propiónico', 'M01AE01 - Ibuprofeno']",[]
67082,IBUPROFENO ALTER GENERICOS 400 MG COMPRIMIDOS RECUBIERTOS CON PELICULA EFG,"Laboratorios Alter, S.A.",2005-10-03,True,['COMPRIMIDO RECUBIERTO CON PELÍCULA'],['VÍA ORAL'],[400.0],['IBUPROFENO'],"['CROSCARMELOSA SODICA', 'LACTOSA', 'PROPILENGLICOL']","['MEDICAMENTO SUJETO A PRESCRIPCIÓN MÉDICA', 'Con receta']","['M01A - PRODUCTOS ANTIINFLAMATORIOS Y ANTIRREUMÁTICOS NO ESTEROIDEOS', 'M01AE - Derivados del ácido propiónico', 'M01AE01 - Ibuprofeno']",[]
82814,IBUPROFENO ALTER GENERICOS 600 MG COMPRIMIDOS RECUBIERTOS CON PELICULA EFG,"Laboratorios Alter, S.A.",2018-01-22,True,['COMPRIMIDO RECUBIERTO CON PELÍCULA'],['VÍA ORAL'],[600.0],['IBUPROFENO'],"['CROSCARMELOSA SODICA', 'LACTOSA MONOHIDRATO', 'PROPILENGLICOL']","['MEDICAMENTO SUJETO A PRESCRIPCIÓN MÉDICA', 'Con receta']","['M01A - PRODUCTOS ANTIINFLAMATORIOS Y ANTIRREUMÁTICOS NO ESTEROIDEOS', 'M01AE - Derivados del ácido propiónico', 'M01AE01 - Ibuprofeno']",[]
65330,IBUPROFENO ALTER 600 mg COMPRIMIDOS RECUBIERTOS CON PELICULA EFG,"Laboratorios Alter, S.A.",2003-03-28,True,['COMPRIMIDO RECUBIERTO CON PELÍCULA'],['VÍA ORAL'],[600.0],['IBUPROFENO'],['CARBOXIMETILALMIDON SODICO'],"['MEDICAMENTO SUJETO A PRESCRIPCIÓN MÉDICA', 'Con receta']","['M01A - PRODUCTOS ANTIINFLAMATORIOS Y ANTIRREUMÁTICOS NO ESTEROIDEOS', 'M01AE - Derivados del ácido propiónico', 'M01AE01 - Ibuprofeno']",[]
69342,IBUPROFENO (ARGININA) CODRAMOL 600 mg GRANULADO PARA SOLUCION ORAL EFG,Farmalider S.A.,2007-10-18,True,['GRANULADO PARA SOLUCIÓN ORAL'],['VÍA ORAL'],[600.0],['IBUPROFENO'],"['ASPARTAMO (E-951)', 'AZUCAR', 'HIDROGENOCARBONATO DE SODIO', 'SACARINA SODICA', 'LAURILSULFATO DE SODIO']","['MEDICAMENTO SUJETO A PRESCRIPCIÓN MÉDICA', 'Con receta']","['M01A - PRODUCTOS ANTIINFLAMATORIOS Y ANTIRREUMÁTICOS NO ESTEROIDEOS', 'M01AE - Derivados del ácido propiónico', 'M01AE01 - Ibuprofeno']",[]
70957,IBUPROFENO (ARGININA) COMBIX 600 mg GRANULADO PARA SOLUCION ORAL EFG,"Laboratorios Combix, S.L.U.",2009-05-21,True,['GRANULADO PARA SOLUCIÓN ORAL'],['VÍA ORAL'],[600.0],['IBUPROFENO'],"['HIDROGENOCARBONATO DE SODIO', 'SACARINA SODICA', 'LAURILSULFATO DE SODIO', 'ASPARTAMO (E-951)', 'AZUCAR']","['MEDICAMENTO SUJETO A PRESCRIPCIÓN MÉDICA', 'Con receta']","['M01A - PRODUCTOS ANTIINFLAMATORIOS Y ANTIRREUMÁTICOS NO ESTEROIDEOS', 'M01AE - Derivados del ácido propiónico', 'M01AE01 - Ibuprofeno']",[]
69678,IBUPROFENO (ARGININA) FARMALID 600 mg GRANULADO PARA SOLUCION ORAL EFG,Farmalider S.A.,2008-03-12,True,['GRANULADO PARA SOLUCIÓN ORAL'],['VÍA ORAL'],[600.0],['IBUPROFENO'],"['HIDROGENOCARBONATO DE SODIO', 'SACARINA SODICA', 'LAURILSULFATO DE SODIO', 'ASPARTAMO (E-951)', 'AZUCAR']","['MEDICAMENTO SUJETO A PRESCRIPCIÓN MÉDICA', 'Con receta']","['M01A - PRODUCTOS ANTIINFLAMATORIOS Y ANTIRREUMÁTICOS NO ESTEROIDEOS', 'M01AE - Derivados del ácido propiónico', 'M01AE01 - Ibuprofeno']",[]
69314,IBUPROFENO (ARGININA) PENSA 600 mg GRANULADO PARA SOLUCION ORAL EFG,"Pensa Pharma, S.A.U",2007-10-03,True,['GRANULADO PARA SOLUCIÓN ORAL'],['VÍA ORAL'],[600.0],['IBUPROFENO'],"['ASPARTAMO (E-951)', 'AZUCAR', 'HIDROGENOCARBONATO DE SODIO', 'SACARINA SODICA', 'LAURILSULFATO DE SODIO']","['MEDICAMENTO SUJETO A PRESCRIPCIÓN MÉDICA', 'Con receta']","['M01A - PRODUCTOS ANTIINFLAMATORIOS Y ANTIRREUMÁTICOS NO ESTEROIDEOS', 'M01AE - Derivados del ácido propiónico', 'M01AE01 - Ibuprofeno']",[]
69794,IBUPROFENO (ARGININA) TARBIS 600 mg GRANULADO PARA SOLUCION ORAL EFG,"Tarbis Farma, S.L.",2008-05-06,True,['GRANULADO PARA SOLUCIÓN ORAL'],['VÍA ORAL'],[600.0],['IBUPROFENO'],"['ASPARTAMO (E-951)', 'AZUCAR', 'HIDROGENOCARBONATO DE SODIO', 'SACARINA SODICA', 'LAURILSULFATO DE SODIO']","['MEDICAMENTO SUJETO A PRESCRIPCIÓN MÉDICA', 'Con receta']","['M01A - PRODUCTOS ANTIINFLAMATORIOS Y ANTIRREUMÁTICOS NO ESTEROIDEOS', 'M01AE - Derivados del ácido propiónico', 'M01AE01 - Ibuprofeno']",[]
72804,IBUPROFENO (ARGININA) VIR PHARMA 600 mg GRANULADO PARA SOLUCION ORAL EFG,"Industria Quimica Y Farmaceutica Vir, S.A.",2010-10-05,True,['GRANULADO PARA SOLUCIÓN ORAL'],['VÍA ORAL'],[600.0],['IBUPROFENO'],"['ASPARTAMO (E-951)', 'HIDROGENOCARBONATO DE SODIO', 'SACARINA SODICA', 'LAURILSULFATO DE SODIO', 'SACAROSA DE COMPRESION']","['MEDICAMENTO SUJETO A PRESCRIPCIÓN MÉDICA', 'Con receta']","['M01A - PRODUCTOS ANTIINFLAMATORIOS Y ANTIRREUMÁTICOS NO ESTEROIDEOS', 'M01AE - Derivados del ácido propiónico', 'M01AE01 - Ibuprofeno']",[]
70978,IBUPROFENO (ARGININA) VIR 600 mg GRANULADO PARA SOLUCION ORAL EFG,"Industria Quimica Y Farmaceutica Vir, S.A.",2009-05-27,True,['GRANULADO PARA SOLUCIÓN ORAL'],['VÍA ORAL'],[600.0],['IBUPROFENO ARGININA'],"['ASPARTAMO (E-951)', 'SACAROSA', 'HIDROGENOCARBONATO DE SODIO', 'SACARINA SODICA', 'LAURILSULFATO DE SODIO']","['MEDICAMENTO SUJETO A PRESCRIPCIÓN MÉDICA', 'Con receta']","['M01A - PRODUCTOS ANTIINFLAMATORIOS Y ANTIRREUMÁTICOS NO ESTEROIDEOS', 'M01AE - Derivados del ácido propiónico', 'M01AE01 - Ibuprofeno']",[]
66318,IBUPROFENO ARISTO 600 mg COMPRIMIDOS RECUBIERTOS CON PELICULA EFG,"Aristo Pharma Iberia, S.L",2004-09-13,True,['COMPRIMIDO RECUBIERTO CON PELÍCULA'],['VÍA ORAL'],[600.0],['IBUPROFENO'],"['LACTOSA', 'CROSCARMELOSA SODICA', 'PROPILENGLICOL']","['MEDICAMENTO SUJETO A PRESCRIPCIÓN MÉDICA', 'Con receta']","['M01A - PRODUCTOS ANTIINFLAMATORIOS Y ANTIRREUMÁTICOS NO ESTEROIDEOS', 'M01AE - Derivados del ácido propiónico', 'M01AE01 - Ibuprofeno']",[]
85028,IBUPROFENO ARISTOGEN 400 COMPRIMIDOS RECUBIERTOS CON PELICULA EFG,Aristo Pharma Gmbh,2020-04-23,True,['COMPRIMIDO RECUBIERTO CON PELÍCULA'],['VÍA ORAL'],[400.0],['IBUPROFENO'],"['CROSCARMELOSA SODICA', 'LACTOSA MONOHIDRATO', 'LAURILSULFATO DE SODIO', 'PROPILENGLICOL']","['MEDICAMENTO SUJETO A PRESCRIPCIÓN MÉDICA', 'Con receta']","['M01A - PRODUCTOS ANTIINFLAMATORIOS Y ANTIRREUMÁTICOS NO ESTEROIDEOS', 'M01AE - Derivados del ácido propiónico', 'M01AE01 - Ibuprofeno']",[]
85029,IBUPROFENO ARISTOGEN 600 COMPRIMIDOS RECUBIERTOS CON PELICULA EFG,Aristo Pharma Gmbh,2020-04-23,True,['COMPRIMIDO RECUBIERTO CON PELÍCULA'],['VÍA ORAL'],[600.0],['IBUPROFENO'],"['CROSCARMELOSA SODICA', 'LACTOSA MONOHIDRATO', 'LAURILSULFATO DE SODIO', 'PROPILENGLICOL']","['MEDICAMENTO SUJETO A PRESCRIPCIÓN MÉDICA', 'Con receta']","['M01A - PRODUCTOS ANTIINFLAMATORIOS Y ANTIRREUMÁTICOS NO ESTEROIDEOS', 'M01AE - Derivados del ácido propiónico', 'M01AE01 - Ibuprofeno']",[]
83436,IBUPROFENO AUROVITAS SPAIN 400 MG COMPRIMIDOS RECUBIERTOS CON PELICULA EFG,"Aurovitas Spain, S.A.U.",2018-09-21,True,['COMPRIMIDO RECUBIERTO CON PELÍCULA'],['VÍA ORAL'],[400.0],['IBUPROFENO'],"['ALMIDON PREGELATINIZADO', 'CROSCARMELOSA SODICA']","['MEDICAMENTO SUJETO A PRESCRIPCIÓN MÉDICA', 'Con receta']","['M01A - PRODUCTOS ANTIINFLAMATORIOS Y ANTIRREUMÁTICOS NO ESTEROIDEOS', 'M01AE - Derivados del ácido propiónico', 'M01AE01 - Ibuprofeno']",[]
83437,IBUPROFENO AUROVITAS SPAIN 600 MG COMPRIMIDOS RECUBIERTOS CON PELICULA EFG,"Aurovitas Spain, S.A.U.",2018-09-21,True,['COMPRIMIDO RECUBIERTO CON PELÍCULA'],['VÍA ORAL'],[600.0],['IBUPROFENO'],"['ALMIDON PREGELATINIZADO', 'CROSCARMELOSA SODICA']","['MEDICAMENTO SUJETO A PRESCRIPCIÓN MÉDICA', 'Con receta']","['M01A - PRODUCTOS ANTIINFLAMATORIOS Y ANTIRREUMÁTICOS NO ESTEROIDEOS', 'M01AE - Derivados del ácido propiónico', 'M01AE01 - Ibuprofeno']",[]
85161,IBUPROFENO B. BRAUN PEDIATRICO 200 MG SOLUCION PARA PERFUSION,B. Braun Melsungen Ag,2020-06-15,True,['SOLUCIÓN PARA PERFUSIÓN'],['VÍA INTRAVENOSA'],"[200.0, 50.0]",['IBUPROFENO'],"['CLORURO DE SODIO', 'HIDROXIDO DE SODIO (E-524)']","['USO HOSPITALARIO', 'Con receta']","['M01A - PRODUCTOS ANTIINFLAMATORIOS Y ANTIRREUMÁTICOS NO ESTEROIDEOS', 'M01AE - Derivados del ácido propiónico', 'M01AE01 - Ibuprofeno']",[]
79593,IBUPROFENO B. BRAUN 600 MG CONCENTRADO PARA SOLUCION PARA PERFUSION,"B. Braun Medical, S.A.",2015-03-03,True,['CONCENTRADO PARA SOLUCIÓN PARA PERFUSIÓN'],['VÍA INTRAVENOSA'],[100.0],['IBUPROFENO'],"['CLORURO DE SODIO', 'HIDROXIDO DE SODIO (E-524)']","['USO HOSPITALARIO', 'Con receta']","['M01A - PRODUCTOS ANTIINFLAMATORIOS Y ANTIRREUMÁTICOS NO ESTEROIDEOS', 'M01AE - Derivados del ácido propiónico', 'M01AE01 - Ibuprofeno']",[]
80720,IBUPROFENO B. BRAUN 600 MG SOLUCION PARA PERFUSION,"B. Braun Medical, S.A.",2016-03-08,True,['SOLUCIÓN PARA PERFUSIÓN'],['VÍA INTRAVENOSA'],"[600.0, 100.0]",['IBUPROFENO'],"['CLORURO DE SODIO', 'HIDROXIDO DE SODIO (E-524)']","['USO HOSPITALARIO', 'Con receta']","['M01A - PRODUCTOS ANTIINFLAMATORIOS Y ANTIRREUMÁTICOS NO ESTEROIDEOS', 'M01AE - Derivados del ácido propiónico', 'M01AE01 - Ibuprofeno']",[]
82170,IBUPROFENO B.BRAUN 400 MG SOLUCION PARA PERFUSION,B. Braun Melsungen Ag,2017-06-21,True,['SOLUCIÓN PARA PERFUSIÓN'],['VÍA INTRAVENOSA'],[400.0],['IBUPROFENO'],"['CLORURO DE SODIO', 'HIDROXIDO DE SODIO (E-524)']","['USO HOSPITALARIO', 'Con receta']","['M01A - PRODUCTOS ANTIINFLAMATORIOS Y ANTIRREUMÁTICOS NO ESTEROIDEOS', 'M01AE - Derivados del ácido propiónico', 'M01AE01 - Ibuprofeno']",[]
82431,IBUPROFENO CODRAMOL 100 MG SUSPENSION ORAL,Nutra Essential Otc S.L.,2017-09-25,True,['SUSPENSIÓN ORAL'],['VÍA ORAL'],[100.0],['IBUPROFENO'],"['BENZOATO DE SODIO  (E 211)', 'CITRATO DE SODIO (E-331)', 'SACARINA SODICA', 'CLORURO DE SODIO', 'MALTITOL LIQUIDO E965', 'GLICEROL']",['SIN RECETA'],"['M01A - PRODUCTOS ANTIINFLAMATORIOS Y ANTIRREUMÁTICOS NO ESTEROIDEOS', 'M01AE - Derivados del ácido propiónico', 'M01AE01 - Ibuprofeno']",[]
74672,IBUPROFENO CODRAMOL 20 mg / ml SUSPENSION ORAL EFG,"Farmalider, S.A.",2011-09-08,True,['SUSPENSIÓN ORAL'],['VÍA ORAL'],"[100.0, 5.0]",['IBUPROFENO'],"['GLICEROL', 'JARABE DE MALTITOL (E965)', 'CITRATO DE SODIO (E-331)', 'BENZOATO DE SODIO  (E 211)', 'SACARINA SODICA']","['MEDICAMENTO SUJETO A PRESCRIPCIÓN MÉDICA', 'Con receta']","['M01A - PRODUCTOS ANTIINFLAMATORIOS Y ANTIRREUMÁTICOS NO ESTEROIDEOS', 'M01AE - Derivados del ácido propiónico', 'M01AE01 - Ibuprofeno']",[]
79595,IBUPROFENO CODRAMOL 200 MG POLVO ORAL,Farmalider S.A.,2015-03-03,True,['POLVO ORAL'],['VÍA ORAL'],[200.0],['IBUPROFENO'],"['ISOMALTA', 'ACESULFAMO POTASICO', 'DIESTEARATO DE GLICEROL']",['SIN RECETA'],"['M01A - PRODUCTOS ANTIINFLAMATORIOS Y ANTIRREUMÁTICOS NO ESTEROIDEOS', 'M01AE - Derivados del ácido propiónico', 'M01AE01 - Ibuprofeno']",[]
82403,IBUPROFENO CODRAMOL 200 MG SUSPENSION ORAL,Nutra Essential Otc S.L.,2017-09-11,True,['SUSPENSIÓN ORAL'],['VÍA ORAL'],[200.0],['IBUPROFENO'],"['BENZOATO DE SODIO  (E 211)', 'CITRATO DE SODIO (E-331)', 'SACARINA SODICA', 'CLORURO DE SODIO', 'MALTITOL LIQUIDO E965', 'GLICEROL']",['SIN RECETA'],"['M01A - PRODUCTOS ANTIINFLAMATORIOS Y ANTIRREUMÁTICOS NO ESTEROIDEOS', 'M01AE - Derivados del ácido propiónico', 'M01AE01 - Ibuprofeno']",[]
79596,IBUPROFENO CODRAMOL 400 MG POLVO ORAL,Farmalider S.A.,2015-03-03,True,['POLVO ORAL'],['VÍA ORAL'],[400.0],['IBUPROFENO'],"['ISOMALTA', 'ACESULFAMO POTASICO', 'DIESTEARATO DE GLICEROL']",['SIN RECETA'],"['M01A - PRODUCTOS ANTIINFLAMATORIOS Y ANTIRREUMÁTICOS NO ESTEROIDEOS', 'M01AE - Derivados del ácido propiónico', 'M01AE01 - Ibuprofeno']",[]
82404,IBUPROFENO CODRAMOL 400 MG SUSPENSION ORAL,Nutra Essential Otc S.L.,2017-09-11,True,['SUSPENSIÓN ORAL'],['VÍA ORAL'],[400.0],['IBUPROFENO'],"['BENZOATO DE SODIO  (E 211)', 'CITRATO DE SODIO (E-331)', 'SACARINA SODICA', 'CLORURO DE SODIO', 'MALTITOL LIQUIDO E965', 'GLICEROL']",['SIN RECETA'],"['M01A - PRODUCTOS ANTIINFLAMATORIOS Y ANTIRREUMÁTICOS NO ESTEROIDEOS', 'M01AE - Derivados del ácido propiónico', 'M01AE01 - Ibuprofeno']",[]
66327,IBUPROFENO DERMOGEN 400 MG COMPRIMIDOS RECUBIERTOS CON PELICULA,"Dermogen Farma, S.A.",2004-09-15,True,['COMPRIMIDO RECUBIERTO CON PELÍCULA'],['VÍA ORAL'],[400.0],['IBUPROFENO'],"['CROSCARMELOSA SODICA', 'LACTOSA', 'PROPILENGLICOL']",['SIN RECETA'],"['M01A - PRODUCTOS ANTIINFLAMATORIOS Y ANTIRREUMÁTICOS NO ESTEROIDEOS', 'M01AE - Derivados del ácido propiónico', 'M01AE01 - Ibuprofeno']",[]
66330,IBUPROFENO DERMOGEN 400 mg SUSPENSION ORAL,"Dermogen Farma, S.A.",2004-09-15,True,['SUSPENSIÓN ORAL'],['VÍA ORAL'],[400.0],['IBUPROFENO'],"['BENZOATO DE SODIO  (E 211)', 'CITRATO DE SODIO (E-331)', 'SACARINA SODICA', 'CLORURO DE SODIO', 'JARABE DE MALTITOL (E965)', 'CARMOISINA, AZORRUBINA (CI=14720,E-122)', 'GLICEROL']",['SIN RECETA'],"['M01A - PRODUCTOS ANTIINFLAMATORIOS Y ANTIRREUMÁTICOS NO ESTEROIDEOS', 'M01AE - Derivados del ácido propiónico', 'M01AE01 - Ibuprofeno']",[]
85085,IBUPROFENO DURBAN 400 MG COMPRIMIDOS RECUBIERTOS CON PELICULA EFG,"Laboratorios Francisco Durban, S.A.",2020-05-18,True,['COMPRIMIDO RECUBIERTO CON PELÍCULA'],['VÍA ORAL'],[400.0],['IBUPROFENO'],"['LACTOSA MONOHIDRATO', 'CROSCARMELOSA SODICA']","['MEDICAMENTO SUJETO A PRESCRIPCIÓN MÉDICA', 'Con receta']","['M01A - PRODUCTOS ANTIINFLAMATORIOS Y ANTIRREUMÁTICOS NO ESTEROIDEOS', 'M01AE - Derivados del ácido propiónico', 'M01AE01 - Ibuprofeno']",[]
85086,IBUPROFENO DURBAN 600 MG COMPRIMIDOS RECUBIERTOS CON PELICULA EFG,"Laboratorios Francisco Durban, S.A.",2020-05-18,True,['COMPRIMIDO RECUBIERTO CON PELÍCULA'],['VÍA ORAL'],[600.0],['IBUPROFENO'],"['LACTOSA MONOHIDRATO', 'CROSCARMELOSA SODICA']","['MEDICAMENTO SUJETO A PRESCRIPCIÓN MÉDICA', 'Con receta']","['M01A - PRODUCTOS ANTIINFLAMATORIOS Y ANTIRREUMÁTICOS NO ESTEROIDEOS', 'M01AE - Derivados del ácido propiónico', 'M01AE01 - Ibuprofeno']",[]
74670,IBUPROFENO FARMALID 20 mg/ml SUSPENSION ORAL. EFG,"Farmalider, S.A.",2011-09-08,True,['SUSPENSIÓN ORAL'],['VÍA ORAL'],"[100.0, 5.0]",['IBUPROFENO'],"['GLICEROL', 'JARABE DE MALTITOL (E965)', 'CITRATO DE SODIO (E-331)', 'BENZOATO DE SODIO  (E 211)', 'SACARINA SODICA']","['MEDICAMENTO SUJETO A PRESCRIPCIÓN MÉDICA', 'Con receta']","['M01A - PRODUCTOS ANTIINFLAMATORIOS Y ANTIRREUMÁTICOS NO ESTEROIDEOS', 'M01AE - Derivados del ácido propiónico', 'M01AE01 - Ibuprofeno']",[]
82804,IBUPROFENO FARMALID 600 MG COMPRIMIDOS RECUBIERTOS CON PELICULA EFG,Farmalider S.A.,2018-01-19,True,['COMPRIMIDO RECUBIERTO CON PELÍCULA'],['VÍA ORAL'],[600.0],['IBUPROFENO'],"['CROSCARMELOSA SODICA', 'LACTOSA MONOHIDRATO', 'PROPILENGLICOL']","['MEDICAMENTO SUJETO A PRESCRIPCIÓN MÉDICA', 'Con receta']","['M01A - PRODUCTOS ANTIINFLAMATORIOS Y ANTIRREUMÁTICOS NO ESTEROIDEOS', 'M01AE - Derivados del ácido propiónico', 'M01AE01 - Ibuprofeno']",[]
82897,IBUPROFENO FARMALIDER 200 MG COMPRIMIDOS RECUBIERTOS CON PELICULA,Farmalider S.A.,2018-04-19,True,['COMPRIMIDO RECUBIERTO CON PELÍCULA'],['VÍA ORAL'],[200.0],['IBUPROFENO'],"['CROSCARMELOSA SODICA', 'LACTOSA MONOHIDRATO']",['SIN RECETA'],"['M01A - PRODUCTOS ANTIINFLAMATORIOS Y ANTIRREUMÁTICOS NO ESTEROIDEOS', 'M01AE - Derivados del ácido propiónico', 'M01AE01 - Ibuprofeno']",[]
83570,IBUPROFENO FARMALIDER 400 MG CONCENTRADO PARA SOLUCION PARA PERFUSION,Farmalider S.A.,2018-11-06,True,['CONCENTRADO PARA SOLUCIÓN PARA PERFUSIÓN'],['VÍA INTRAVENOSA'],[400.0],['IBUPROFENO ARGININA'],"['CLORURO DE SODIO', 'HIDROXIDO DE SODIO (E-524)']","['USO HOSPITALARIO', 'Con receta']","['M01A - PRODUCTOS ANTIINFLAMATORIOS Y ANTIRREUMÁTICOS NO ESTEROIDEOS', 'M01AE - Derivados del ácido propiónico', 'M01AE01 - Ibuprofeno']",[]
63162,IBUPROFENO FARMASIERRA 50 mg/ g GEL,"Farmasierra Laboratorios, S.L.",2000-05-29,True,['GEL'],['USO CUTÁNEO'],[50.0],['IBUPROFENO'],"['ALCOHOL BENCILICO', 'HIDROXIDO DE SODIO (E-524)']",['SIN RECETA'],"['M02A - PRODUCTOS TÓPICOS PARA EL DOLOR ARTICULAR Y MUSCULAR', 'M02AA - Preparados con antiinflamatorios no esteroideos para uso tópico', 'M02AA13 - Ibuprofeno']",[]
67069,IBUPROFENO GINELADIUS 600 MG COMPRIMIDOS RECUBIERTOS CON PELÍCULA EFG,"Gineladius, S.L.",2005-10-03,True,['COMPRIMIDO RECUBIERTO CON PELÍCULA'],['VÍA ORAL'],[600.0],['IBUPROFENO'],"['LACTOSA', 'CROSCARMELOSA SODICA', 'PROPILENGLICOL']","['MEDICAMENTO SUJETO A PRESCRIPCIÓN MÉDICA', 'Con receta']","['M01A - PRODUCTOS ANTIINFLAMATORIOS Y ANTIRREUMÁTICOS NO ESTEROIDEOS', 'M01AE - Derivados del ácido propiónico', 'M01AE01 - Ibuprofeno']",[]
85580,IBUPROFENO KABI 400 MG SOLUCION PARA PERFUSION,"Fresenius Kabi España, S.A.U.",2021-07-30,True,['SOLUCIÓN PARA PERFUSIÓN'],['VÍA INTRAVENOSA'],[4.0],['IBUPROFENO'],"['CLORURO DE SODIO', 'DIHIDROGENOFOSFATO DE SODIO DIHIDRATO', 'HIDROGENOFOSFATO DE SODIO DODECAHIDRATO', 'HIDROXIDO DE SODIO (E-524)', 'HIDROXIDO DE SODIO (E-524)']","['USO HOSPITALARIO', 'Con receta']","['M01A - PRODUCTOS ANTIINFLAMATORIOS Y ANTIRREUMÁTICOS NO ESTEROIDEOS', 'M01AE - Derivados del ácido propiónico', 'M01AE01 - Ibuprofeno']",[]
66021,IBUPROFENO KERN PHARMA 20 mg/ml SUSPENSION ORAL EFG,"Kern Pharma, S.L.",2004-04-06,True,['SUSPENSIÓN ORAL'],['VÍA ORAL'],"[100.0, 5.0]",['IBUPROFENO'],"['GLICEROL', 'MALTITOL (E965)', 'CITRATO DE SODIO (E-331)', 'BENZOATO DE SODIO  (E 211)', 'SACARINA SODICA']","['MEDICAMENTO SUJETO A PRESCRIPCIÓN MÉDICA', 'Con receta']","['M01A - PRODUCTOS ANTIINFLAMATORIOS Y ANTIRREUMÁTICOS NO ESTEROIDEOS', 'M01AE - Derivados del ácido propiónico', 'M01AE01 - Ibuprofeno']",[]
67916,IBUPROFENO KERN PHARMA 200 mg GRANULADO EFERVESCENTE EFG,"Kern Pharma, S.L.",2006-07-04,True,['GRANULADO EFERVESCENTE'],['VÍA ORAL'],[200.0],['IBUPROFENO'],"['LAURILSULFATO DE SODIO', 'SACARINA SODICA', 'CARBONATO DE SODIO ANHIDRO', 'HIDROGENO CARBONATO DE SODIO', 'LACTOSA ANHIDRA', 'SACAROSA']","['MEDICAMENTO SUJETO A PRESCRIPCIÓN MÉDICA', 'Con receta']","['M01A - PRODUCTOS ANTIINFLAMATORIOS Y ANTIRREUMÁTICOS NO ESTEROIDEOS', 'M01AE - Derivados del ácido propiónico', 'M01AE01 - Ibuprofeno']",[]
77858,IBUPROFENO KERN PHARMA 40 MG/ML SUSPENSION ORAL EFG,"Kern Pharma, S.L.",2013-08-19,True,['SUSPENSIÓN ORAL'],['VÍA ORAL'],[40.0],['IBUPROFENO'],"['GLICEROL', 'MALTITOL LIQUIDO E965', 'BENZOATO DE SODIO  (E 211)', 'CITRATO DE SODIO (E-331)', 'CLORURO DE SODIO', 'SACARINA SODICA']","['MEDICAMENTO SUJETO A PRESCRIPCIÓN MÉDICA', 'Con receta']","['M01A - PRODUCTOS ANTIINFLAMATORIOS Y ANTIRREUMÁTICOS NO ESTEROIDEOS', 'M01AE - Derivados del ácido propiónico', 'M01AE01 - Ibuprofeno']",[]
65854,IBUPROFENO KERN PHARMA 400 mg COMPRIMIDOS RECUBIERTOS CON PELICULA EFG,"Kern Pharma, S.L.",2004-01-15,True,['COMPRIMIDO RECUBIERTO CON PELÍCULA'],['VÍA ORAL'],[400.0],['IBUPROFENO'],"['ALMIDON PREGELATINIZADO', 'HIPROMELOSA/DIOXIDO DE TITANIO (E-171)/PROPILENGLI']","['MEDICAMENTO SUJETO A PRESCRIPCIÓN MÉDICA', 'Con receta']","['M01A - PRODUCTOS ANTIINFLAMATORIOS Y ANTIRREUMÁTICOS NO ESTEROIDEOS', 'M01AE - Derivados del ácido propiónico', 'M01AE01 - Ibuprofeno']",[]
62974,IBUPROFENO KERN PHARMA 600 mg COMPRIMIDOS RECUBIERTOS CON PELICULA EFG,"Kern Pharma, S.L.",2000-03-29,True,['COMPRIMIDO RECUBIERTO'],['VÍA ORAL'],[600.0],['IBUPROFENO'],"['ALMIDON PREGELATINIZADO', 'PROPILENGLICOL']","['MEDICAMENTO SUJETO A PRESCRIPCIÓN MÉDICA', 'Con receta']","['M01A - PRODUCTOS ANTIINFLAMATORIOS Y ANTIRREUMÁTICOS NO ESTEROIDEOS', 'M01AE - Derivados del ácido propiónico', 'M01AE01 - Ibuprofeno']",[]
67918,IBUPROFENO KERN PHARMA 600 mg GRANULADO EFERVESCENTE EFG,"Kern Pharma, S.L.",2006-07-04,True,['GRANULADO EFERVESCENTE'],['VÍA ORAL'],[600.0],['IBUPROFENO'],"['LAURILSULFATO DE SODIO', 'CARBONATO DE SODIO ANHIDRO', 'HIDROGENO CARBONATO DE SODIO', 'LACTOSA ANHIDRA', 'SACARINA SODICA']","['MEDICAMENTO SUJETO A PRESCRIPCIÓN MÉDICA', 'Con receta']","['M01A - PRODUCTOS ANTIINFLAMATORIOS Y ANTIRREUMÁTICOS NO ESTEROIDEOS', 'M01AE - Derivados del ácido propiónico', 'M01AE01 - Ibuprofeno']",[]
80319,IBUPROFENO MABO FARMA 600 MG COMPRIMIDOS RECUBIERTOS CON PELICULA EFG,"Mabo-Farma, S.A.",2015-10-21,True,['COMPRIMIDO RECUBIERTO CON PELÍCULA'],['VÍA ORAL'],[600.0],['IBUPROFENO'],"['CROSCARMELOSA SODICA', 'PROPILENGLICOL', 'LACTOSA MONOHIDRATO', 'ALMIDON PREGELATINIZADO']","['MEDICAMENTO SUJETO A PRESCRIPCIÓN MÉDICA', 'Con receta']","['M01A - PRODUCTOS ANTIINFLAMATORIOS Y ANTIRREUMÁTICOS NO ESTEROIDEOS', 'M01AE - Derivados del ácido propiónico', 'M01AE01 - Ibuprofeno']",[]
82805,IBUPROFENO MABO-FARMA 400 MG COMPRIMIDOS RECUBIERTOS CON PELICULA EFG,"Mabo-Farma, S.A.",2018-01-19,True,['COMPRIMIDO RECUBIERTO CON PELÍCULA'],['VÍA ORAL'],[400.0],['IBUPROFENO'],"['CROSCARMELOSA SODICA', 'LACTOSA MONOHIDRATO', 'PROPILENGLICOL']",['SIN RECETA'],"['M01A - PRODUCTOS ANTIINFLAMATORIOS Y ANTIRREUMÁTICOS NO ESTEROIDEOS', 'M01AE - Derivados del ácido propiónico', 'M01AE01 - Ibuprofeno']",[]
74209,IBUPROFENO MYLAN PHARMACEUTICALS 600 mg COMPRIMIDOS RECUBIERTOS CON PELICULA EFG,"Mylan Pharmaceuticals, S.L.",2011-06-08,True,['COMPRIMIDO RECUBIERTO CON PELÍCULA'],['VÍA ORAL'],[600.0],['IBUPROFENO'],"['CROSCARMELOSA SODICA', 'LACTOSA', 'PROPILENGLICOL']","['MEDICAMENTO SUJETO A PRESCRIPCIÓN MÉDICA', 'Con receta']","['M01A - PRODUCTOS ANTIINFLAMATORIOS Y ANTIRREUMÁTICOS NO ESTEROIDEOS', 'M01AE - Derivados del ácido propiónico', 'M01AE01 - Ibuprofeno']",[]
65250,IBUPROFENO NORMON 400 mg COMPRIMIDOS RECUBIERTOS CON PELICULA EFG,"Laboratorios Normon, S.A.",2003-02-24,True,['COMPRIMIDO RECUBIERTO CON PELÍCULA'],['VÍA ORAL'],[400.0],['IBUPROFENO'],['CROSCARMELOSA SODICA'],"['MEDICAMENTO SUJETO A PRESCRIPCIÓN MÉDICA', 'Con receta']","['M01A - PRODUCTOS ANTIINFLAMATORIOS Y ANTIRREUMÁTICOS NO ESTEROIDEOS', 'M01AE - Derivados del ácido propiónico', 'M01AE01 - Ibuprofeno']",['https://cima.aemps.es/cima/fotos/thumbnails/formafarmac/65250/65250_formafarmac.jpg']
65251,IBUPROFENO NORMON 600 mg COMPRIMIDOS RECUBIERTOS CON PELICULA EFG,"Laboratorios Normon, S.A.",2003-02-24,True,['COMPRIMIDO RECUBIERTO CON PELÍCULA'],['VÍA ORAL'],[600.0],['IBUPROFENO'],['CROSCARMELOSA SODICA'],"['MEDICAMENTO SUJETO A PRESCRIPCIÓN MÉDICA', 'Con receta']","['M01A - PRODUCTOS ANTIINFLAMATORIOS Y ANTIRREUMÁTICOS NO ESTEROIDEOS', 'M01AE - Derivados del ácido propiónico', 'M01AE01 - Ibuprofeno']",['https://cima.aemps.es/cima/fotos/thumbnails/formafarmac/65251/65251_formafarmac.jpg']
81254,IBUPROFENO NUTRA ESSENTIAL 200 MG COMPRIMIDOS RECUBIERTOS CON PELICULA,Nutra Essential Otc S.L.,2016-09-27,True,['COMPRIMIDO RECUBIERTO CON PELÍCULA'],['VÍA ORAL'],[200.0],['IBUPROFENO'],"['CROSCARMELOSA SODICA', 'LACTOSA MONOHIDRATO']",['SIN RECETA'],"['M01A - PRODUCTOS ANTIINFLAMATORIOS Y ANTIRREUMÁTICOS NO ESTEROIDEOS', 'M01AE - Derivados del ácido propiónico', 'M01AE01 - Ibuprofeno']",[]
82402,IBUPROFENO NUTRA ESSENTIAL 400 MG SUSPENSION ORAL,Nutra Essential Otc S.L.,2017-09-11,True,['SOLUCIÓN ORAL'],['VÍA ORAL'],[400.0],['IBUPROFENO'],"['BENZOATO DE SODIO  (E 211)', 'CITRATO DE SODIO (E-331)', 'SACARINA SODICA', 'CLORURO DE SODIO', 'MALTITOL LIQUIDO E965', 'GLICEROL']",['SIN RECETA'],"['M01A - PRODUCTOS ANTIINFLAMATORIOS Y ANTIRREUMÁTICOS NO ESTEROIDEOS', 'M01AE - Derivados del ácido propiónico', 'M01AE01 - Ibuprofeno']",[]
73491,IBUPROFENO ONEDOSE 400 mg COMPRIMIDOS RECUBIERTOS CON PELICULA EFG,"Laboratorios Bluepharma, S.L.",2011-02-10,True,['COMPRIMIDO RECUBIERTO CON PELÍCULA'],['VÍA ORAL'],[400.0],['IBUPROFENO'],"['PROPILENGLICOL', 'LACTOSA', 'CROSCARMELOSA SODICA']",['SIN RECETA'],"['M01A - PRODUCTOS ANTIINFLAMATORIOS Y ANTIRREUMÁTICOS NO ESTEROIDEOS', 'M01AE - Derivados del ácido propiónico', 'M01AE01 - Ibuprofeno']",[]
74204,IBUPROFENO PENSA PHARMA 600 mg COMPRIMIDOS RECUBIERTOS CON PELICULA EFG,"Pensa Pharma, S.A.U",2011-06-08,True,['COMPRIMIDO RECUBIERTO CON PELÍCULA'],['VÍA ORAL'],[600.0],['IBUPROFENO'],"['CROSCARMELOSA SODICA', 'LACTOSA', 'PROPILENGLICOL']","['MEDICAMENTO SUJETO A PRESCRIPCIÓN MÉDICA', 'Con receta']","['M01A - PRODUCTOS ANTIINFLAMATORIOS Y ANTIRREUMÁTICOS NO ESTEROIDEOS', 'M01AE - Derivados del ácido propiónico', 'M01AE01 - Ibuprofeno']",[]
65853,IBUPROFENO PENSA 400 mg COMPRIMIDOS RECUBIERTOS CON PELICULA EFG,"Pensa Pharma, S.A.U",2004-01-15,True,['COMPRIMIDO RECUBIERTO CON PELÍCULA'],['VÍA ORAL'],[400.0],['IBUPROFENO'],"['ALMIDON PREGELATINIZADO', 'PROPILENGLICOL']","['MEDICAMENTO SUJETO A PRESCRIPCIÓN MÉDICA', 'Con receta']","['M01A - PRODUCTOS ANTIINFLAMATORIOS Y ANTIRREUMÁTICOS NO ESTEROIDEOS', 'M01AE - Derivados del ácido propiónico', 'M01AE01 - Ibuprofeno']",[]
82815,IBUPROFENO PENSAVITAL 400 MG COMPRIMIDOS RECUBIERTOS CON PELICULA EFG,"Pensa Pharma, S.A.U",2018-01-22,True,['COMPRIMIDO RECUBIERTO CON PELÍCULA'],['VÍA ORAL'],[400.0],['IBUPROFENO'],"['CROSCARMELOSA SODICA', 'LACTOSA MONOHIDRATO', 'PROPILENGLICOL']",['SIN RECETA'],"['M01A - PRODUCTOS ANTIINFLAMATORIOS Y ANTIRREUMÁTICOS NO ESTEROIDEOS', 'M01AE - Derivados del ácido propiónico', 'M01AE01 - Ibuprofeno']",[]
74207,IBUPROFENO PHARMA COMBIX 600 MG COMPRIMIDOS RECUBIERTOS CON PELICULA EFG,"Laboratorios Combix, S.L.U.",2011-06-08,True,['COMPRIMIDO RECUBIERTO CON PELÍCULA'],['VÍA ORAL'],[600.0],['IBUPROFENO'],"['CROSCARMELOSA SODICA', 'LACTOSA', 'PROPILENGLICOL']","['MEDICAMENTO SUJETO A PRESCRIPCIÓN MÉDICA', 'Con receta']","['M01A - PRODUCTOS ANTIINFLAMATORIOS Y ANTIRREUMÁTICOS NO ESTEROIDEOS', 'M01AE - Derivados del ácido propiónico', 'M01AE01 - Ibuprofeno']",[]
69628,IBUPROFENO PHARMEX 20 mg/ ml SUSPENSION ORAL,"Pharmex Advanced Laboratories, S.L.",2008-02-22,True,['SUSPENSIÓN ORAL'],['VÍA ORAL'],"[2.0, 100.0, 5.0]",['IBUPROFENO'],"['GLICEROL', 'MALTITOL (E965)', 'CITRATO DE SODIO (E-331)', 'BENZOATO DE SODIO  (E 211)', 'SACARINA SODICA']",['SIN RECETA'],"['M01A - PRODUCTOS ANTIINFLAMATORIOS Y ANTIRREUMÁTICOS NO ESTEROIDEOS', 'M01AE - Derivados del ácido propiónico', 'M01AE01 - Ibuprofeno']",[]
66304,IBUPROFENO PHARMEX 600 mg COMPRIMIDOS RECUBIERTOS CON PELICULA EFG,"Pharmex Advanced Laboratories, S.L.",2004-08-31,True,['COMPRIMIDO RECUBIERTO CON PELÍCULA'],['VÍA ORAL'],[600.0],['IBUPROFENO'],"['CROSCARMELOSA SODICA', 'LACTOSA', 'PROPILENGLICOL', 'ALMIDON PREGELATINIZADO']","['MEDICAMENTO SUJETO A PRESCRIPCIÓN MÉDICA', 'Con receta']","['M01A - PRODUCTOS ANTIINFLAMATORIOS Y ANTIRREUMÁTICOS NO ESTEROIDEOS', 'M01AE - Derivados del ácido propiónico', 'M01AE01 - Ibuprofeno']",[]
67094,IBUPROFENO QUALIGEN 600 mg COMPRIMIDOS RECUBIERTOS CON PELÍCULA EFG,"Neuraxpharm Spain, S.L.U.",2005-10-05,True,['COMPRIMIDO RECUBIERTO CON PELÍCULA'],['VÍA ORAL'],[600.0],['IBUPROFENO'],"['PROPILENGLICOL', 'LACTOSA', 'CROSCARMELOSA SODICA']","['MEDICAMENTO SUJETO A PRESCRIPCIÓN MÉDICA', 'Con receta']","['M01A - PRODUCTOS ANTIINFLAMATORIOS Y ANTIRREUMÁTICOS NO ESTEROIDEOS', 'M01AE - Derivados del ácido propiónico', 'M01AE01 - Ibuprofeno']",[]
67121,IBUPROFENO RATIOPHARM 600 mg COMPRIMIDOS RECUBIERTOS CON PELICULA EFG,"Ratiopharm España, S.A.",2005-10-13,True,['COMPRIMIDO RECUBIERTO CON PELÍCULA'],['VÍA ORAL'],[600.0],['IBUPROFENO'],"['PROPILENGLICOL', 'CROSCARMELOSA SODICA']","['MEDICAMENTO SUJETO A PRESCRIPCIÓN MÉDICA', 'Con receta']","['M01A - PRODUCTOS ANTIINFLAMATORIOS Y ANTIRREUMÁTICOS NO ESTEROIDEOS', 'M01AE - Derivados del ácido propiónico', 'M01AE01 - Ibuprofeno']",[]
80975,IBUPROFENO STADAPHARM 400 MG CAPSULAS BLANDAS,"Laboratorio Stada, S.L.",2016-06-16,True,['CÁPSULA BLANDA'],['VÍA ORAL'],[400.0],['IBUPROFENO'],"['POTASIO, HIDROXIDO DE', 'ROJO ALLURA AC (E129)', 'SORBITOL']",['SIN RECETA'],"['M01A - PRODUCTOS ANTIINFLAMATORIOS Y ANTIRREUMÁTICOS NO ESTEROIDEOS', 'M01AE - Derivados del ácido propiónico', 'M01AE01 - Ibuprofeno']",[]
71436,IBUPROFENO TEVA 400 mg CAPSULAS BLANDAS,"Teva Pharma, S.L.U.",2009-09-30,True,['CÁPSULA BLANDA'],['VÍA ORAL'],[400.0],['IBUPROFENO'],"['POTASIO, HIDROXIDO DE', 'SORBITOL']",['SIN RECETA'],"['M01A - PRODUCTOS ANTIINFLAMATORIOS Y ANTIRREUMÁTICOS NO ESTEROIDEOS', 'M01AE - Derivados del ácido propiónico', 'M01AE01 - Ibuprofeno']",[]
67900,IBUPROFENO TEVA 400 mg COMPRIMIDOS RECUBIERTOS CON PELICULA EFG,"Teva Pharma, S.L.U.",2006-06-28,True,['COMPRIMIDO RECUBIERTO CON PELÍCULA'],['VÍA ORAL'],[400.0],['IBUPROFENO'],"['CROSCARMELOSA SODICA', 'LACTOSA', 'PROPILENGLICOL']","['MEDICAMENTO SUJETO A PRESCRIPCIÓN MÉDICA', 'Con receta']","['M01A - PRODUCTOS ANTIINFLAMATORIOS Y ANTIRREUMÁTICOS NO ESTEROIDEOS', 'M01AE - Derivados del ácido propiónico', 'M01AE01 - Ibuprofeno']",[]
67070,IBUPROFENO TEVA 600 mg COMPRIMIDOS RECUBIERTOS CON PELICULA EFG,"Teva Pharma, S.L.U.",2005-10-03,True,['COMPRIMIDO RECUBIERTO CON PELÍCULA'],['VÍA ORAL'],[600.0],['IBUPROFENO'],"['CROSCARMELOSA SODICA', 'LACTOSA', 'PROPILENGLICOL']","['MEDICAMENTO SUJETO A PRESCRIPCIÓN MÉDICA', 'Con receta']","['M01A - PRODUCTOS ANTIINFLAMATORIOS Y ANTIRREUMÁTICOS NO ESTEROIDEOS', 'M01AE - Derivados del ácido propiónico', 'M01AE01 - Ibuprofeno']",[]
66455,IBUPROFENO VIR 600 mg COMPRIMIDOS RECUBIERTOS CON PELICULA,"Industria Quimica Y Farmaceutica Vir, S.A.",2004-11-11,True,['COMPRIMIDO RECUBIERTO CON PELÍCULA'],['VÍA ORAL'],[600.0],['IBUPROFENO'],"['PROPILENGLICOL', 'LACTOSA', 'CROSCARMELOSA SODICA']","['MEDICAMENTO SUJETO A PRESCRIPCIÓN MÉDICA', 'Con receta']","['M01A - PRODUCTOS ANTIINFLAMATORIOS Y ANTIRREUMÁTICOS NO ESTEROIDEOS', 'M01AE - Derivados del ácido propiónico', 'M01AE01 - Ibuprofeno']",[]
82430,IBUPROFENO WINADOL 100 MG SUSPENSION ORAL,Nutra Essential Otc S.L.,2017-09-25,True,['SUSPENSIÓN ORAL'],['VÍA ORAL'],[100.0],['IBUPROFENO'],"['BENZOATO DE SODIO  (E 211)', 'CITRATO DE SODIO (E-331)', 'SACARINA SODICA', 'CLORURO DE SODIO', 'MALTITOL LIQUIDO E965', 'GLICEROL']",['SIN RECETA'],"['M01A - PRODUCTOS ANTIINFLAMATORIOS Y ANTIRREUMÁTICOS NO ESTEROIDEOS', 'M01AE - Derivados del ácido propiónico', 'M01AE01 - Ibuprofeno']",[]
80295,IBUPROFENO WINADOL 20 MG/ML SUSPENSION ORAL EFG,Farmalider S.A.,2015-10-15,True,['SUSPENSIÓN ORAL'],['VÍA ORAL'],[20.0],['IBUPROFENO'],"['BENZOATO DE SODIO  (E 211)', 'CITRATO DE SODIO (E-331)', 'SACARINA SODICA', 'CLORURO DE SODIO', 'MALTITOL LIQUIDO E965', 'GLICEROL']",['SIN RECETA'],"['M01A - PRODUCTOS ANTIINFLAMATORIOS Y ANTIRREUMÁTICOS NO ESTEROIDEOS', 'M01AE - Derivados del ácido propiónico', 'M01AE01 - Ibuprofeno']",[]
82405,IBUPROFENO WINADOL 200 MG SUSPENSION ORAL,Nutra Essential Otc S.L.,2017-09-11,True,['SUSPENSIÓN ORAL'],['VÍA ORAL'],[200.0],['IBUPROFENO'],"['BENZOATO DE SODIO  (E 211)', 'CITRATO DE SODIO (E-331)', 'SACARINA SODICA', 'CLORURO DE SODIO', 'MALTITOL LIQUIDO E965', 'GLICEROL']",['SIN RECETA'],"['M01A - PRODUCTOS ANTIINFLAMATORIOS Y ANTIRREUMÁTICOS NO ESTEROIDEOS', 'M01AE - Derivados del ácido propiónico', 'M01AE01 - Ibuprofeno']",[]
80360,IBUPROFENO WINADOL 40 MG/ML SUSPENSION ORAL EFG,Farmalider S.A.,2015-11-09,True,['SUSPENSIÓN ORAL'],['VÍA ORAL'],[40.0],['IBUPROFENO'],"['GLICEROL', 'MALTITOL LIQUIDO E965', 'BENZOATO DE SODIO  (E 211)', 'CITRATO DE SODIO (E-331)', 'CLORURO DE SODIO', 'SACARINA SODICA']",['SIN RECETA'],"['M01A - PRODUCTOS ANTIINFLAMATORIOS Y ANTIRREUMÁTICOS NO ESTEROIDEOS', 'M01AE - Derivados del ácido propiónico', 'M01AE01 - Ibuprofeno']",[]
74205,IBUPROFENO WINADOL 600 mg COMPRIMIDOS RECUBIERTOS CON PELICULA EFG,Farmalider S.A.,2011-06-08,True,['COMPRIMIDO RECUBIERTO CON PELÍCULA'],['VÍA ORAL'],[600.0],['IBUPROFENO'],"['CROSCARMELOSA SODICA', 'LACTOSA', 'PROPILENGLICOL']","['MEDICAMENTO SUJETO A PRESCRIPCIÓN MÉDICA', 'Con receta']","['M01A - PRODUCTOS ANTIINFLAMATORIOS Y ANTIRREUMÁTICOS NO ESTEROIDEOS', 'M01AE - Derivados del ácido propiónico', 'M01AE01 - Ibuprofeno']",[]
70147,IBUSTICK 50 mg/g GEL,"Farmasierra Laboratorios, S.L.",2008-10-16,True,['GEL'],['USO CUTÁNEO'],[50.0],['IBUPROFENO'],"['GLICEROL', 'ALCOHOL ETILICO 96%', 'HIDROXIDO DE SODIO (E-524)']",['SIN RECETA'],"['M02A - PRODUCTOS TÓPICOS PARA EL DOLOR ARTICULAR Y MUSCULAR', 'M02AA - Preparados con antiinflamatorios no esteroideos para uso tópico', 'M02AA13 - Ibuprofeno']",[]
78831,ILVISINUS 200MG/30MG COMPRIMIDOS RECUBIERTOS CON PELICULA,Laboratorios Vicks S.L.,2014-06-13,True,['COMPRIMIDO RECUBIERTO CON PELÍCULA'],['VÍA ORAL'],"[30.0, 200.0]","['PSEUDOEFEDRINA HIDROCLORURO', 'IBUPROFENO']","['ALMIDON PREGELATINIZADO', 'CROSCARMELOSA SODICA', 'LAURILSULFATO DE SODIO', 'LECITINA DE SOJA', 'MICA (SILICATO DE POTASIO Y ALUMINIO - OXIDO DE TITANIO)']",['SIN RECETA'],"['M01A - PRODUCTOS ANTIINFLAMATORIOS Y ANTIRREUMÁTICOS NO ESTEROIDEOS', 'M01AE - Derivados del ácido propiónico', 'M01AE51 - Ibuprofeno, combinaciones con']",[]
64966,JUNIFEN 200 mg COMPRIMIDOS BUCODISPERSABLES SABOR LIMON,"Reckitt Benckiser Healthcare, S.A.",2002-08-13,True,['COMPRIMIDO'],['VÍA ORAL'],[200.0],['IBUPROFENO'],"['ASPARTAMO (E-951)', 'MANITOL (E-421)', 'MANITOL (E-421)', 'CROSCARMELOSA SODICA']","['MEDICAMENTO SUJETO A PRESCRIPCIÓN MÉDICA', 'Con receta']","['M01A - PRODUCTOS ANTIINFLAMATORIOS Y ANTIRREUMÁTICOS NO ESTEROIDEOS', 'M01AE - Derivados del ácido propiónico', 'M01AE01 - Ibuprofeno']",[]
67935,LIDERFEME 400 MG COMPRIMIDOS RECUBIERTOS CON PELÍCULA,"Farmalider, S.A.",2006-07-10,True,['COMPRIMIDO RECUBIERTO CON PELÍCULA'],['VÍA ORAL'],[400.0],['IBUPROFENO'],"['CROSCARMELOSA SODICA', 'LACTOSA', 'PROPILENGLICOL']",['SIN RECETA'],"['M01A - PRODUCTOS ANTIINFLAMATORIOS Y ANTIRREUMÁTICOS NO ESTEROIDEOS', 'M01AE - Derivados del ácido propiónico', 'M01AE01 - Ibuprofeno']",[]
66329,LIDERFEME 400 mg SUSPENSION ORAL,"Farmalider, S.A.",2004-09-14,True,['SUSPENSIÓN ORAL'],['VÍA ORAL'],[400.0],['IBUPROFENO'],"['BENZOATO DE SODIO  (E 211)', 'CITRATO DE SODIO (E-331)', 'SACARINA SODICA', 'CLORURO DE SODIO', 'JARABE DE MALTITOL (E965)', 'CARMOISINA, AZORRUBINA (CI=14720,E-122)', 'GLICEROL']",['SIN RECETA'],"['M01A - PRODUCTOS ANTIINFLAMATORIOS Y ANTIRREUMÁTICOS NO ESTEROIDEOS', 'M01AE - Derivados del ácido propiónico', 'M01AE01 - Ibuprofeno']",[]
70441,NEOBRUFEN CON CODEINA 400 mg/30 mg COMPRIMIDOS RECUBIERTOS CON PELICULA,Mylan Ire Healthcare Limited,2009-02-03,True,['COMPRIMIDO RECUBIERTO CON PELÍCULA'],['VÍA ORAL'],"[400.0, 30.0]","['IBUPROFENO', 'CODEINA FOSFATO HEMIHIDRATO']","['CARMELOSA SODICA', 'CARBOXIMETILALMIDON SODICO TIPO A', 'ALMIDON PREGELATINIZADO']","['MEDICAMENTO SUJETO A PRESCRIPCIÓN MÉDICA', 'Con receta', 'Reduce la capacidad de conducción']","['N02A - OPIOIDES', 'N02AJ - Opioides combinados con otros analgesicos', 'N02AJ08 - Codeina e ibuprofeno']",[]
61618,NEOBRUFEN RETARD 800 mg COMPRIMIDOS DE LIBERACION PROLONGADA,Mylan Ire Healthcare Limited,2000-09-29,True,['COMPRIMIDO DE LIBERACIÓN PROLONGADA'],['VÍA ORAL'],[800.0],['IBUPROFENO'],[],"['MEDICAMENTO SUJETO A PRESCRIPCIÓN MÉDICA', 'Con receta']","['M01A - PRODUCTOS ANTIINFLAMATORIOS Y ANTIRREUMÁTICOS NO ESTEROIDEOS', 'M01AE - Derivados del ácido propiónico', 'M01AE01 - Ibuprofeno']",[]
70030,NEOBRUFEN 400 mg COMPRIMIDOS RECUBIERTOS CON PELICULA EFG,Mylan Ire Healthcare Limited,2008-08-13,True,['COMPRIMIDO RECUBIERTO'],['VÍA ORAL'],[400.0],['IBUPROFENO'],"['CARMELOSA SODICA', 'LACTOSA MONOHIDRATO', 'LAURILSULFATO DE SODIO']","['MEDICAMENTO SUJETO A PRESCRIPCIÓN MÉDICA', 'Con receta']","['M01A - PRODUCTOS ANTIINFLAMATORIOS Y ANTIRREUMÁTICOS NO ESTEROIDEOS', 'M01AE - Derivados del ácido propiónico', 'M01AE01 - Ibuprofeno']",[]
61610,NEOBRUFEN 600 mg GRANULADO EFERVESCENTE,Mylan Ire Healthcare Limited,1998-03-01,True,['GRANULADO EFERVESCENTE'],['VÍA ORAL'],[600.0],['IBUPROFENO'],"['SACARINA SODICA', 'SACAROSA', 'HIDROGENOCARBONATO DE SODIO', 'CARBONATO DE SODIO ANHIDRO', 'LAURILSULFATO DE SODIO', 'CROSCARMELOSA SODICA']","['MEDICAMENTO SUJETO A PRESCRIPCIÓN MÉDICA', 'Con receta']","['M01A - PRODUCTOS ANTIINFLAMATORIOS Y ANTIRREUMÁTICOS NO ESTEROIDEOS', 'M01AE - Derivados del ácido propiónico', 'M01AE01 - Ibuprofeno']",[]
64582,NORVECTAN 600 POLVO PARA SUSPENSION ORAL,Laboratorio De Aplicaciones Farmacodinamicas S.A.,2002-02-22,True,['POLVO PARA SUSPENSIÓN ORAL'],['VÍA ORAL'],[600.0],['IBUPROFENO LISINA'],"['SACARINA SODICA', 'CICLODEXTRINA', 'CITRATO DE SODIO (E-331)', 'CICLAMATO DE SODIO', 'SACAROSA']","['MEDICAMENTO SUJETO A PRESCRIPCIÓN MÉDICA', 'Con receta']","['M01A - PRODUCTOS ANTIINFLAMATORIOS Y ANTIRREUMÁTICOS NO ESTEROIDEOS', 'M01AE - Derivados del ácido propiónico', 'M01AE01 - Ibuprofeno']",[]
67207,NOVIDOL 50 mg/g GEL,Menarini Consumer Healthcare S.A.U.,2005-11-15,True,['GEL'],['USO CUTÁNEO'],[50.0],['IBUPROFENO'],"['ALCOHOL BENCILICO', 'HIDROXIDO DE SODIO (E-524)']",['SIN RECETA'],"['M02A - PRODUCTOS TÓPICOS PARA EL DOLOR ARTICULAR Y MUSCULAR', 'M02AA - Preparados con antiinflamatorios no esteroideos para uso tópico', 'M02AA13 - Ibuprofeno']",[]
82519,NUROFEN JUNIOR 100 MG CAPSULAS BLANDAS MASTICABLES,"Reckitt Benckiser Healthcare, S.A.",2017-11-14,True,['CÁPSULA BLANDA MASTICABLE'],['VÍA ORAL'],[100.0],['IBUPROFENO'],"['GLUCOSA LIQUIDA', 'SACAROSA', 'ACESULFAMO POTASICO', 'EDETATO DE DISODIO', 'GLICEROL']",['SIN RECETA'],"['M01A - PRODUCTOS ANTIINFLAMATORIOS Y ANTIRREUMÁTICOS NO ESTEROIDEOS', 'M01AE - Derivados del ácido propiónico', 'M01AE01 - Ibuprofeno']",[]
78530,NUROFEN PEDIATRICO 20 MG/ML SUSPENSION ORAL SABOR NARANJA,"Reckitt Benckiser Healthcare, S.A.",2014-03-05,True,['SUSPENSIÓN ORAL'],['VÍA ORAL'],[20.0],['IBUPROFENO'],"['GLICEROL', 'JARABE DE MALTITOL (E965)', 'CITRATO DE SODIO (E-331)', 'CLORURO DE SODIO', 'SACARINA SODICA']",['SIN RECETA'],"['M01A - PRODUCTOS ANTIINFLAMATORIOS Y ANTIRREUMÁTICOS NO ESTEROIDEOS', 'M01AE - Derivados del ácido propiónico', 'M01AE01 - Ibuprofeno']",[]
78466,NUROFEN PEDIATRICO 40 MG/ML SUSPENSION ORAL SABOR FRESA,"Reckitt Benckiser Healthcare, S.A.",2014-02-18,True,['SUSPENSIÓN ORAL'],['VÍA ORAL'],[40.0],['IBUPROFENO'],"['SACARINA SODICA', 'CITRATO DE SODIO (E-331)', 'CLORURO DE SODIO', 'GLICEROL', 'JARABE DE MALTITOL (E965)']",['SIN RECETA'],"['M01A - PRODUCTOS ANTIINFLAMATORIOS Y ANTIRREUMÁTICOS NO ESTEROIDEOS', 'M01AE - Derivados del ácido propiónico', 'M01AE01 - Ibuprofeno']",[]
68517,NUROFEN RAPID 400 mg CAPSULAS BLANDAS,"Reckitt Benckiser Healthcare, S.A.",2007-02-26,True,['CÁPSULA BLANDA'],['VÍA ORAL'],[400.0],['IBUPROFENO'],"['SORBITOL', 'POTASIO, HIDROXIDO DE', 'ROJO PONCEAU 4R (CI=16255, E-124)']",['SIN RECETA'],"['M01A - PRODUCTOS ANTIINFLAMATORIOS Y ANTIRREUMÁTICOS NO ESTEROIDEOS', 'M01AE - Derivados del ácido propiónico', 'M01AE01 - Ibuprofeno']",[]
67968,NUROFEN 400 mg COMPRIMIDOS RECUBIERTOS,"Reckitt Benckiser Healthcare, S.A.",2006-07-27,True,['COMPRIMIDO RECUBIERTO'],['VÍA ORAL'],[400.0],['IBUPROFENO'],"['CROSCARMELOSA SODICA', 'LAURILSULFATO DE SODIO', 'CITRATO DE SODIO (E-331)', 'CARMELOSA SODICA', 'SACAROSA']",['SIN RECETA'],"['M01A - PRODUCTOS ANTIINFLAMATORIOS Y ANTIRREUMÁTICOS NO ESTEROIDEOS', 'M01AE - Derivados del ácido propiónico', 'M01AE01 - Ibuprofeno']",[]
65955,PAIDOFEBRIL 20 mg/ml SUSPENSIÓN ORAL,"Laboratorio Aldo-Union, S.L.",2004-03-10,True,['SUSPENSIÓN ORAL'],['VÍA ORAL'],"[100.0, 5.0]",['IBUPROFENO'],"['GLICEROL', 'MALTITOL (E965)', 'CITRATO DE SODIO (E-331)', 'BENZOATO DE SODIO  (E 211)', 'SACARINA SODICA']","['MEDICAMENTO SUJETO A PRESCRIPCIÓN MÉDICA', 'Con receta']","['M01A - PRODUCTOS ANTIINFLAMATORIOS Y ANTIRREUMÁTICOS NO ESTEROIDEOS', 'M01AE - Derivados del ácido propiónico', 'M01AE01 - Ibuprofeno']",[]
4284001,PEDEA 5 mg/ml SOLUCION INYECTABLE,Recordati Rare Diseases,2004-11-18,True,['SOLUCIÓN INYECTABLE'],['VÍA INTRAVENOSA'],[5.0],['IBUPROFENO'],"['CLORURO DE SODIO', 'HIDROXIDO DE SODIO (E-524)']","['USO HOSPITALARIO', 'Con receta']","['C01E - OTROS PREPARADOS PARA EL CORAZÓN', 'C01EB - Otros preparados para el corazón', 'C01EB16 - Ibuprofeno']",[]
76907,POINDOL 200 MG GRANULADO PARA SOLUCION ORAL,"Farmalider, S.A.",2012-12-14,True,['GRANULADO PARA SUSPENSIÓN ORAL'],['VÍA ORAL'],[200.0],['IBUPROFENO'],"['ASPARTAMO (E-951)', 'SACAROSA DE COMPRESION', 'HIDROGENOCARBONATO DE SODIO', 'SACARINA SODICA', 'LAURILSULFATO DE SODIO']","['MEDICAMENTO SUJETO A PRESCRIPCIÓN MÉDICA', 'Con receta']","['M01A - PRODUCTOS ANTIINFLAMATORIOS Y ANTIRREUMÁTICOS NO ESTEROIDEOS', 'M01AE - Derivados del ácido propiónico', 'M01AE01 - Ibuprofeno']",[]
79722,ROLIBFAR 50MG/G GEL CON APLICADOR DE BOLA,"Farmasierra Laboratorios, S.L.",2015-04-10,True,['GEL'],['USO CUTÁNEO'],[50.0],['IBUPROFENO'],"['ETANOL AL 96 POR CIENTO', 'GLICEROL', 'HIDROXIDO DE SODIO (E-524)']",['SIN RECETA'],"['M02A - PRODUCTOS TÓPICOS PARA EL DOLOR ARTICULAR Y MUSCULAR', 'M02AA - Preparados con antiinflamatorios no esteroideos para uso tópico', 'M02AA13 - Ibuprofeno']",[]
59120,SALVARINA CAPSULAS DURAS,"Laboratorios Salvat, S.A.",1991-06-01,True,['CÁPSULA DURA'],['VÍA ORAL'],"[200.0, 50.0, 15.0]","['DIMENHIDRINATO', 'CAFEINA', 'IBUPROFENO']","['MONOESTEARATO DE GLICEROL', 'CARBOXIMETILALMIDON SODICO']","['SIN RECETA', 'Reduce la capacidad de conducción']","['N02B - OTROS ANALGÉSICOS Y ANTIPIRÉTICOS', 'N02BG - Otros analgésicos y antipiréticos']",[]
80711,SOLIBU 400 MG SOLUCION PARA PERFUSION EFG,Altan Pharmaceuticals S.A.,2016-03-07,True,['SOLUCIÓN PARA PERFUSIÓN'],['VÍA INTRAVENOSA'],[4.0],['IBUPROFENO'],"['CLORURO DE SODIO', 'HIDROXIDO DE SODIO (E-524)']","['USO HOSPITALARIO', 'Con receta']","['M01A - PRODUCTOS ANTIINFLAMATORIOS Y ANTIRREUMÁTICOS NO ESTEROIDEOS', 'M01AE - Derivados del ácido propiónico', 'M01AE01 - Ibuprofeno']",[]
83680,SOLIBU 600 MG SOLUCION PARA PERFUSION,Altan Pharmaceuticals S.A.,2018-12-21,True,['SOLUCIÓN PARA PERFUSIÓN'],['VÍA INTRAVENOSA'],[600.0],['IBUPROFENO'],"['CLORURO DE SODIO', 'HIDROXIDO DE SODIO (E-524)']","['USO HOSPITALARIO', 'Con receta']","['M01A - PRODUCTOS ANTIINFLAMATORIOS Y ANTIRREUMÁTICOS NO ESTEROIDEOS', 'M01AE - Derivados del ácido propiónico', 'M01AE01 - Ibuprofeno']",[]
